"Id","OwnerId","IsDeleted","Name","CreatedDate","CreatedById","LastModifiedDate","LastModifiedById","SystemModstamp","LastViewedDate","LastReferencedDate","ConnectionReceivedId","ConnectionSentId","nFORCE__Label__c","nFORCE__Order__c","nFORCE__Question__c","nFORCE__lookupKey__c","nFORCE__Api_Value__c","nFORCE__Is_Default__c"
"a2zDm000000TYZYIA4","005Dm000000nnayIAA","","O-000222","2023-02-24T16:04:45.000Z","005Dm000000nnayIAA","2023-02-24T16:04:45.000Z","005Dm000000nnayIAA","","","","","","No","2.0","a30Dm000000XmxJIAS","a2zDm000000TYcVIAW","","false"
"a2zDm000000TYZZIA4","005Dm000000nnayIAA","","O-000219","2023-02-24T16:04:45.000Z","005Dm000000nnayIAA","2023-02-24T16:04:45.000Z","005Dm000000nnayIAA","","","","","","Yes","1.0","a30Dm000000XmxHIAS","a2zDm000000TYcWIAW","","false"
"a2zDm000000TYZaIAO","005Dm000000nnayIAA","","O-000220","2023-02-24T16:04:45.000Z","005Dm000000nnayIAA","2023-02-24T16:04:45.000Z","005Dm000000nnayIAA","","","","","","Yes","1.0","a30Dm000000XmxIIAS","a2zDm000000TYcXIAW","","false"
"a2zDm000000TYZbIAO","005Dm000000nnayIAA","","O-000221","2023-02-24T16:04:45.000Z","005Dm000000nnayIAA","2023-02-24T16:04:45.000Z","005Dm000000nnayIAA","","","","","","No","2.0","a30Dm000000XmxHIAS","a2zDm000000TYcYIAW","","false"
"a2zDm000000TYZcIAO","005Dm000000nnayIAA","","O-000223","2023-02-24T16:04:45.000Z","005Dm000000nnayIAA","2023-02-24T16:04:45.000Z","005Dm000000nnayIAA","","","","","","No","2.0","a30Dm000000XmxGIAS","a2zDm000000TYcZIAW","","false"
"a2zDm000000TYZdIAO","005Dm000000nnayIAA","","O-000224","2023-02-24T16:04:45.000Z","005Dm000000nnayIAA","2023-02-24T16:04:45.000Z","005Dm000000nnayIAA","","","","","","No","2.0","a30Dm000000XmxKIAS","a2zDm000000TYcaIAG","","false"
"a2zDm000000TYZeIAO","005Dm000000nnayIAA","","O-000225","2023-02-24T16:04:45.000Z","005Dm000000nnayIAA","2023-02-24T16:04:45.000Z","005Dm000000nnayIAA","","","","","","Yes","1.0","a30Dm000000XmxLIAS","a2zDm000000TYcbIAG","","false"
"a2zDm000000TYZfIAO","005Dm000000nnayIAA","","O-000226","2023-02-24T16:04:45.000Z","005Dm000000nnayIAA","2023-02-24T16:04:45.000Z","005Dm000000nnayIAA","","","","","","Yes","1.0","a30Dm000000XmxMIAS","a2zDm000000TYccIAG","","false"
"a2zDm000000TYZgIAO","005Dm000000nnayIAA","","O-000227","2023-02-24T16:04:45.000Z","005Dm000000nnayIAA","2023-02-24T16:04:45.000Z","005Dm000000nnayIAA","","","","","","Yes","1.0","a30Dm000000XmxNIAS","a2zDm000000TYcdIAG","","false"
"a2zDm000000TYZhIAO","005Dm000000nnayIAA","","O-000231","2023-02-24T16:04:45.000Z","005Dm000000nnayIAA","2023-02-24T16:04:45.000Z","005Dm000000nnayIAA","","","","","","Yes","1.0","a30Dm000000XmxGIAS","a2zDm000000TYchIAG","","false"
"a2zDm000000TYZiIAO","005Dm000000nnayIAA","","O-000228","2023-02-24T16:04:45.000Z","005Dm000000nnayIAA","2023-02-24T16:04:45.000Z","005Dm000000nnayIAA","","","","","","Yes","1.0","a30Dm000000XmxOIAS","a2zDm000000TYceIAG","","false"
"a2zDm000000TYZjIAO","005Dm000000nnayIAA","","O-000229","2023-02-24T16:04:45.000Z","005Dm000000nnayIAA","2023-02-24T16:04:45.000Z","005Dm000000nnayIAA","","","","","","No","2.0","a30Dm000000XmxOIAS","a2zDm000000TYcfIAG","","false"
"a2zDm000000TYZkIAO","005Dm000000nnayIAA","","O-000230","2023-02-24T16:04:45.000Z","005Dm000000nnayIAA","2023-02-24T16:04:45.000Z","005Dm000000nnayIAA","","","","","","No","2.0","a30Dm000000XmxMIAS","a2zDm000000TYcgIAG","","false"
"a2zDm000000TYZlIAO","005Dm000000nnayIAA","","O-000232","2023-02-24T16:04:45.000Z","005Dm000000nnayIAA","2023-02-24T16:04:45.000Z","005Dm000000nnayIAA","","","","","","Yes - By selecting this option, this record will be marked HMDA Reportable","1.0","a30Dm000000XmxPIAS","a2zDm000000TYcjIAG","","false"
"a2zDm000000TYZmIAO","005Dm000000nnayIAA","","O-000233","2023-02-24T16:04:45.000Z","005Dm000000nnayIAA","2023-02-24T16:04:45.000Z","005Dm000000nnayIAA","","","","","","Yes - By selecting this option, this record will be marked as an Employee Loan","1.0","a30Dm000000XmxQIAS","a2zDm000000TYckIAG","","false"
"a2zDm000000TYZnIAO","005Dm000000nnayIAA","","O-000234","2023-02-24T16:04:45.000Z","005Dm000000nnayIAA","2023-02-24T16:04:45.000Z","005Dm000000nnayIAA","","","","","","No","2.0","a30Dm000000XmxRIAS","a2zDm000000TYclIAG","","false"
"a2zDm000000TYZoIAO","005Dm000000nnayIAA","","O-000236","2023-02-24T16:04:45.000Z","005Dm000000nnayIAA","2023-02-24T16:04:45.000Z","005Dm000000nnayIAA","","","","","","Yes - By selecting this option, this record will be marked Reg W Reportable","1.0","a30Dm000000XmyAIAS","a2zDm000000TYciIAG","","false"
"a2zDm000000TYZpIAO","005Dm000000nnayIAA","","O-000235","2023-02-24T16:04:45.000Z","005Dm000000nnayIAA","2023-02-24T16:04:45.000Z","005Dm000000nnayIAA","","","","","","Yes","1.0","a30Dm000000Xmy9IAC","a2zDm000000TYcmIAG","","false"
"a2zDm000000TYZqIAO","005Dm000000nnayIAA","","O-000237","2023-02-24T16:04:45.000Z","005Dm000000nnayIAA","2023-02-24T16:04:45.000Z","005Dm000000nnayIAA","","","","","","No","2.0","a30Dm000000XmxSIAS","a2zDm000000TYcnIAG","","false"
"a2zDm000000TYZrIAO","005Dm000000nnayIAA","","O-000238","2023-02-24T16:04:45.000Z","005Dm000000nnayIAA","2023-02-24T16:04:45.000Z","005Dm000000nnayIAA","","","","","","No","2.0","a30Dm000000XmxTIAS","a2zDm000000TYcoIAG","","false"
"a2zDm000000TYZsIAO","005Dm000000nnayIAA","","O-000239","2023-02-24T16:04:45.000Z","005Dm000000nnayIAA","2023-02-24T16:04:45.000Z","005Dm000000nnayIAA","","","","","","Yes","1.0","a30Dm000000XmxUIAS","a2zDm000000TYcpIAG","","false"
"a2zDm000000TYZtIAO","005Dm000000nnayIAA","","O-000240","2023-02-24T16:04:45.000Z","005Dm000000nnayIAA","2023-02-24T16:04:45.000Z","005Dm000000nnayIAA","","","","","","Yes","1.0","a30Dm000000XmxVIAS","a2zDm000000TYcqIAG","","false"
"a2zDm000000TYZuIAO","005Dm000000nnayIAA","","O-000241","2023-02-24T16:04:45.000Z","005Dm000000nnayIAA","2023-02-24T16:04:45.000Z","005Dm000000nnayIAA","","","","","","Yes","1.0","a30Dm000000XmxWIAS","a2zDm000000TYcrIAG","","false"
"a2zDm000000TYZvIAO","005Dm000000nnayIAA","","O-000242","2023-02-24T16:04:45.000Z","005Dm000000nnayIAA","2023-02-24T16:04:45.000Z","005Dm000000nnayIAA","","","","","","Yes - By selecting this option, the record will be marked CRA Reportable.","1.0","a30Dm000000XmxXIAS","a2zDm000000TYcsIAG","","false"
"a2zDm000000TYZwIAO","005Dm000000nnayIAA","","O-000243","2023-02-24T16:04:45.000Z","005Dm000000nnayIAA","2023-02-24T16:04:45.000Z","005Dm000000nnayIAA","","","","","","None of the above","4.0","a30Dm000000XmxYIAS","a2zDm000000TYctIAG","","false"
"a2zDm000000TYZxIAO","005Dm000000nnayIAA","","O-000244","2023-02-24T16:04:45.000Z","005Dm000000nnayIAA","2023-02-24T16:04:45.000Z","005Dm000000nnayIAA","","","","","","No","2.0","a30Dm000000XmxZIAS","a2zDm000000TYcuIAG","","false"
"a2zDm000000TYZyIAO","005Dm000000nnayIAA","","O-000245","2023-02-24T16:04:45.000Z","005Dm000000nnayIAA","2023-02-24T16:04:45.000Z","005Dm000000nnayIAA","","","","","","No","2.0","a30Dm000000XmxaIAC","a2zDm000000TYcvIAG","","false"
"a2zDm000000TYZzIAO","005Dm000000nnayIAA","","O-000246","2023-02-24T16:04:45.000Z","005Dm000000nnayIAA","2023-02-24T16:04:45.000Z","005Dm000000nnayIAA","","","","","","No","2.0","a30Dm000000XmxBIAS","a2zDm000000TYcwIAG","","false"
"a2zDm000000TYa0IAG","005Dm000000nnayIAA","","O-000247","2023-02-24T16:04:45.000Z","005Dm000000nnayIAA","2023-02-24T16:04:45.000Z","005Dm000000nnayIAA","","","","","","No","2.0","a30Dm000000XmxbIAC","a2zDm000000TYcxIAG","","false"
"a2zDm000000TYa1IAG","005Dm000000nnayIAA","","O-000248","2023-02-24T16:04:45.000Z","005Dm000000nnayIAA","2023-02-24T16:04:45.000Z","005Dm000000nnayIAA","","","","","","Yes, the loan is HVCRE reportable.","1.0","a30Dm000000XmxcIAC","a2zDm000000TYcyIAG","","false"
"a2zDm000000TYa2IAG","005Dm000000nnayIAA","","O-000249","2023-02-24T16:04:45.000Z","005Dm000000nnayIAA","2023-02-24T16:04:45.000Z","005Dm000000nnayIAA","","","","","","Yes - By selecting this option, the loan will be marked Reg O Reportable.","1.0","a30Dm000000XmxRIAS","a2zDm000000TYczIAG","","false"
"a2zDm000000TYa3IAG","005Dm000000nnayIAA","","O-000250","2023-02-24T16:04:45.000Z","005Dm000000nnayIAA","2023-02-24T16:04:45.000Z","005Dm000000nnayIAA","","","","","","No","2.0","a30Dm000000XmxmIAC","a2zDm000000TYd0IAG","","false"
"a2zDm000000TYa4IAG","005Dm000000nnayIAA","","O-000251","2023-02-24T16:04:45.000Z","005Dm000000nnayIAA","2023-02-24T16:04:45.000Z","005Dm000000nnayIAA","","","","","","Yes, this loan IS NOT HMDA Reportable","1.0","a30Dm000000XmxnIAC","a2zDm000000TYd1IAG","","false"
"a2zDm000000TYa5IAG","005Dm000000nnayIAA","","O-000252","2023-02-24T16:04:45.000Z","005Dm000000nnayIAA","2023-02-24T16:04:45.000Z","005Dm000000nnayIAA","","","","","","No","2.0","a30Dm000000XmxQIAS","a2zDm000000TYd2IAG","","false"
"a2zDm000000TYa6IAG","005Dm000000nnayIAA","","O-000253","2023-02-24T16:04:45.000Z","005Dm000000nnayIAA","2023-02-24T16:04:45.000Z","005Dm000000nnayIAA","","","","","","Yes","1.0","a30Dm000000XmxmIAC","a2zDm000000TYd3IAG","","false"
"a2zDm000000TYa7IAG","005Dm000000nnayIAA","","O-000254","2023-02-24T16:04:45.000Z","005Dm000000nnayIAA","2023-02-24T16:04:45.000Z","005Dm000000nnayIAA","","","","","","Yes","1.0","a30Dm000000XmxJIAS","a2zDm000000TYd4IAG","","false"
"a2zDm000000TYa8IAG","005Dm000000nnayIAA","","O-000255","2023-02-24T16:04:45.000Z","005Dm000000nnayIAA","2023-02-24T16:04:45.000Z","005Dm000000nnayIAA","","","","","","Yes","1.0","a30Dm000000XmxKIAS","a2zDm000000TYd5IAG","","false"
"a2zDm000000TYa9IAG","005Dm000000nnayIAA","","O-000256","2023-02-24T16:04:45.000Z","005Dm000000nnayIAA","2023-02-24T16:04:45.000Z","005Dm000000nnayIAA","","","","","","No","2.0","a30Dm000000XmxIIAS","a2zDm000000TYd6IAG","","false"
"a2zDm000000TYaAIAW","005Dm000000nnayIAA","","O-000257","2023-02-24T16:04:45.000Z","005Dm000000nnayIAA","2023-02-24T16:04:45.000Z","005Dm000000nnayIAA","","","","","","No","2.0","a30Dm000000XmxNIAS","a2zDm000000TYd7IAG","","false"
"a2zDm000000TYaBIAW","005Dm000000nnayIAA","","O-000258","2023-02-24T16:04:45.000Z","005Dm000000nnayIAA","2023-02-24T16:04:45.000Z","005Dm000000nnayIAA","","","","","","No","2.0","a30Dm000000Xmy9IAC","a2zDm000000TYd8IAG","","false"
"a2zDm000000TYaCIAW","005Dm000000nnayIAA","","O-000259","2023-02-24T16:04:45.000Z","005Dm000000nnayIAA","2023-02-24T16:04:45.000Z","005Dm000000nnayIAA","","","","","","Yes","1.0","a30Dm000000XmyBIAS","a2zDm000000TYd9IAG","","false"
"a2zDm000000TYaDIAW","005Dm000000nnayIAA","","O-000260","2023-02-24T16:04:45.000Z","005Dm000000nnayIAA","2023-02-24T16:04:45.000Z","005Dm000000nnayIAA","","","","","","No","2.0","a30Dm000000XmyBIAS","a2zDm000000TYdAIAW","","false"
"a2zDm000000TYaEIAW","005Dm000000nnayIAA","","O-000261","2023-02-24T16:04:45.000Z","005Dm000000nnayIAA","2023-02-24T16:04:45.000Z","005Dm000000nnayIAA","","","","","","Yes","1.0","a30Dm000000Xmy8IAC","a2zDm000000TYdBIAW","","false"
"a2zDm000000TYaFIAW","005Dm000000nnayIAA","","O-000262","2023-02-24T16:04:45.000Z","005Dm000000nnayIAA","2023-02-24T16:04:45.000Z","005Dm000000nnayIAA","","","","","","No","2.0","a30Dm000000Xmy8IAC","a2zDm000000TYdCIAW","","false"
"a2zDm000000TYaGIAW","005Dm000000nnayIAA","","O-000263","2023-02-24T16:04:45.000Z","005Dm000000nnayIAA","2023-02-24T16:04:45.000Z","005Dm000000nnayIAA","","","","","","Yes","1.0","a30Dm000000XmyCIAS","a2zDm000000TYdDIAW","","false"
"a2zDm000000TYaHIAW","005Dm000000nnayIAA","","O-000264","2023-02-24T16:04:45.000Z","005Dm000000nnayIAA","2023-02-24T16:04:45.000Z","005Dm000000nnayIAA","","","","","","No","2.0","a30Dm000000XmyCIAS","a2zDm000000TYdEIAW","","false"
"a2zDm000000TYaIIAW","005Dm000000nnayIAA","","O-000265","2023-02-24T16:04:45.000Z","005Dm000000nnayIAA","2023-02-24T16:04:45.000Z","005Dm000000nnayIAA","","","","","","Yes","1.0","a30Dm000000XmyDIAS","a2zDm000000TYdFIAW","","false"
"a2zDm000000TYaJIAW","005Dm000000nnayIAA","","O-000266","2023-02-24T16:04:45.000Z","005Dm000000nnayIAA","2023-02-24T16:04:45.000Z","005Dm000000nnayIAA","","","","","","No","2.0","a30Dm000000XmyDIAS","a2zDm000000TYdGIAW","","false"
"a2zDm000000TYaKIAW","005Dm000000nnayIAA","","O-000267","2023-02-24T16:04:45.000Z","005Dm000000nnayIAA","2023-02-24T16:04:45.000Z","005Dm000000nnayIAA","","","","","","A 1-4 Family Residence","1.0","a30Dm000000XmxYIAS","a2zDm000000TYdHIAW","","false"
"a2zDm000000TYaLIAW","005Dm000000nnayIAA","","O-000268","2023-02-24T16:04:45.000Z","005Dm000000nnayIAA","2023-02-24T16:04:45.000Z","005Dm000000nnayIAA","","","","","","A Community Development Project","2.0","a30Dm000000XmxYIAS","a2zDm000000TYdIIAW","","false"
"a2zDm000000TYaMIAW","005Dm000000nnayIAA","","O-000269","2023-02-24T16:04:45.000Z","005Dm000000nnayIAA","2023-02-24T16:04:45.000Z","005Dm000000nnayIAA","","","","","","Agricultural Land Purchased for Development","3.0","a30Dm000000XmxYIAS","a2zDm000000TYdKIAW","","false"
"a2zDm000000TYaNIAW","005Dm000000nnayIAA","","O-000270","2023-02-24T16:04:45.000Z","005Dm000000nnayIAA","2023-02-24T16:04:45.000Z","005Dm000000nnayIAA","","","","","","Yes","1.0","a30Dm000000XmxZIAS","a2zDm000000TYdLIAW","","false"
"a2zDm000000TYaOIAW","005Dm000000nnayIAA","","O-000271","2023-02-24T16:04:45.000Z","005Dm000000nnayIAA","2023-02-24T16:04:45.000Z","005Dm000000nnayIAA","","","","","","Yes","1.0","a30Dm000000XmxaIAC","a2zDm000000TYdJIAW","","false"
"a2zDm000000TYaPIAW","005Dm000000nnayIAA","","O-000272","2023-02-24T16:04:45.000Z","005Dm000000nnayIAA","2023-02-24T16:04:45.000Z","005Dm000000nnayIAA","","","","","","Yes","1.0","a30Dm000000XmxbIAC","a2zDm000000TYdMIAW","","false"
"a2zDm000000TYaQIAW","005Dm000000nnayIAA","","O-000273","2023-02-24T16:04:45.000Z","005Dm000000nnayIAA","2023-02-24T16:04:45.000Z","005Dm000000nnayIAA","","","","","","Yes","1.0","a30Dm000000XmxBIAS","a2zDm000000TYdNIAW","","false"
"a2zDm000000TYaRIAW","005Dm000000nnayIAA","","O-000274","2023-02-24T16:04:45.000Z","005Dm000000nnayIAA","2023-02-24T16:04:45.000Z","005Dm000000nnayIAA","","","","","","Yes, this Loan is not HVCRE reportable.","1.0","a30Dm000000XmxoIAC","a2zDm000000TYdOIAW","","false"
"a2zDm000000TYaSIAW","005Dm000000nnayIAA","","O-000275","2023-02-24T16:04:45.000Z","005Dm000000nnayIAA","2023-02-24T16:04:45.000Z","005Dm000000nnayIAA","","","","","","Yes","1.0","a30Dm000000XmxSIAS","a2zDm000000TYdPIAW","","false"
"a2zDm000000TYaTIAW","005Dm000000nnayIAA","","O-000276","2023-02-24T16:04:45.000Z","005Dm000000nnayIAA","2023-02-24T16:04:45.000Z","005Dm000000nnayIAA","","","","","","Yes","1.0","a30Dm000000XmxTIAS","a2zDm000000TYdQIAW","","false"
"a2zDm000000TYaUIAW","005Dm000000nnayIAA","","O-000277","2023-02-24T16:04:45.000Z","005Dm000000nnayIAA","2023-02-24T16:04:45.000Z","005Dm000000nnayIAA","","","","","","No","2.0","a30Dm000000XmxUIAS","a2zDm000000TYdRIAW","","false"
"a2zDm000000TYaVIAW","005Dm000000nnayIAA","","O-000278","2023-02-24T16:04:45.000Z","005Dm000000nnayIAA","2023-02-24T16:04:45.000Z","005Dm000000nnayIAA","","","","","","No","2.0","a30Dm000000XmxVIAS","a2zDm000000TYdSIAW","","false"
"a2zDm000000TYaWIAW","005Dm000000nnayIAA","","O-000279","2023-02-24T16:04:45.000Z","005Dm000000nnayIAA","2023-02-24T16:04:45.000Z","005Dm000000nnayIAA","","","","","","No","2.0","a30Dm000000XmxWIAS","a2zDm000000TYdTIAW","","false"
"a2zDm000000TYaXIAW","005Dm000000nnayIAA","","O-000280","2023-02-24T16:04:45.000Z","005Dm000000nnayIAA","2023-02-24T16:04:45.000Z","005Dm000000nnayIAA","","","","","","Yes","1.0","a30Dm000000XmxpIAC","a2zDm000000TYdUIAW","","false"
"a2zDm000000TYaYIAW","005Dm000000nnayIAA","","O-000281","2023-02-24T16:04:45.000Z","005Dm000000nnayIAA","2023-02-24T16:04:45.000Z","005Dm000000nnayIAA","","","","","","No","2.0","a30Dm000000XmxPIAS","a2zDm000000TYdVIAW","","false"
"a2zDm000000TYaZIAW","005Dm000000nnayIAA","","O-000282","2023-02-24T16:04:45.000Z","005Dm000000nnayIAA","2023-02-24T16:04:45.000Z","005Dm000000nnayIAA","","","","","","No","2.0","a30Dm000000XmyAIAS","a2zDm000000TYdWIAW","","false"
"a2zDm000000TYaaIAG","005Dm000000nnayIAA","","O-000283","2023-02-24T16:04:45.000Z","005Dm000000nnayIAA","2023-02-24T16:04:45.000Z","005Dm000000nnayIAA","","","","","","0-3 a year","1.0","a30Dm000000XmxCIAS","366203873389331454","","false"
"a2zDm000000TYabIAG","005Dm000000nnayIAA","","O-000284","2023-02-24T16:04:45.000Z","005Dm000000nnayIAA","2023-02-24T16:04:45.000Z","005Dm000000nnayIAA","","","","","","4-7 a year","2.0","a30Dm000000XmxCIAS","621556760902086719","","false"
"a2zDm000000TYacIAG","005Dm000000nnayIAA","","O-000285","2023-02-24T16:04:45.000Z","005Dm000000nnayIAA","2023-02-24T16:04:45.000Z","005Dm000000nnayIAA","","","","","","more than 7 a year","3.0","a30Dm000000XmxCIAS","050569214661068497","","false"
"a2zDm000000TYadIAG","005Dm000000nnayIAA","","O-000286","2023-02-24T16:04:45.000Z","005Dm000000nnayIAA","2023-02-24T16:04:45.000Z","005Dm000000nnayIAA","","","","","","Yes","1.0","a30Dm000000XmxFIAS","961370989806508364","","false"
"a2zDm000000TYaeIAG","005Dm000000nnayIAA","","O-000287","2023-02-24T16:04:45.000Z","005Dm000000nnayIAA","2023-02-24T16:04:45.000Z","005Dm000000nnayIAA","","","","","","No","2.0","a30Dm000000XmxFIAS","074917594827493192","","false"
"a2zDm000000TYafIAG","005Dm000000nnayIAA","","O-000288","2023-02-24T16:04:45.000Z","005Dm000000nnayIAA","2023-02-24T16:04:45.000Z","005Dm000000nnayIAA","","","","","","ATM","1.0","a30Dm000000XmxqIAC","072559575054128919","","false"
"a2zDm000000TYagIAG","005Dm000000nnayIAA","","O-000289","2023-02-24T16:04:45.000Z","005Dm000000nnayIAA","2023-02-24T16:04:45.000Z","005Dm000000nnayIAA","","","","","","Online banking","6.0","a30Dm000000XmxqIAC","781465782898796488","","false"
"a2zDm000000TYahIAG","005Dm000000nnayIAA","","O-000290","2023-02-24T16:04:45.000Z","005Dm000000nnayIAA","2023-02-24T16:04:45.000Z","005Dm000000nnayIAA","","","","","","Provider's web sites","7.0","a30Dm000000XmxsIAC","336995073534355081","","false"
"a2zDm000000TYaiIAG","005Dm000000nnayIAA","","O-000291","2023-02-24T16:04:45.000Z","005Dm000000nnayIAA","2023-02-24T16:04:45.000Z","005Dm000000nnayIAA","","","","","","Text or SMS","2.0","a30Dm000000XmxqIAC","704751626503713071","","false"
"a2zDm000000TYajIAG","005Dm000000nnayIAA","","O-000292","2023-02-24T16:04:45.000Z","005Dm000000nnayIAA","2023-02-24T16:04:45.000Z","005Dm000000nnayIAA","","","","","","Balance alerts","3.0","a30Dm000000XmxqIAC","394644132859600753","","false"
"a2zDm000000TYakIAG","005Dm000000nnayIAA","","O-000293","2023-02-24T16:04:45.000Z","005Dm000000nnayIAA","2023-02-24T16:04:45.000Z","005Dm000000nnayIAA","","","","","","Mobile banking","4.0","a30Dm000000XmxqIAC","827475087527199974","","false"
"a2zDm000000TYalIAG","005Dm000000nnayIAA","","O-000294","2023-02-24T16:04:45.000Z","005Dm000000nnayIAA","2023-02-24T16:04:45.000Z","005Dm000000nnayIAA","","","","","","Bank 800 number","5.0","a30Dm000000XmxqIAC","975948538036641796","","false"
"a2zDm000000TYamIAG","005Dm000000nnayIAA","","O-000295","2023-02-24T16:04:45.000Z","005Dm000000nnayIAA","2023-02-24T16:04:45.000Z","005Dm000000nnayIAA","","","","","","3rd party finance site","7.0","a30Dm000000XmxqIAC","807177909759060609","","false"
"a2zDm000000TYanIAG","005Dm000000nnayIAA","","O-000296","2023-02-24T16:04:45.000Z","005Dm000000nnayIAA","2023-02-24T16:04:45.000Z","005Dm000000nnayIAA","","","","","","Paper statements","8.0","a30Dm000000XmxqIAC","302010551193459089","","false"
"a2zDm000000TYaoIAG","005Dm000000nnayIAA","","O-000297","2023-02-24T16:04:45.000Z","005Dm000000nnayIAA","2023-02-24T16:04:45.000Z","005Dm000000nnayIAA","","","","","","Other","9.0","a30Dm000000XmxqIAC","467425857282544573","","false"
"a2zDm000000TYapIAG","005Dm000000nnayIAA","","O-000298","2023-02-24T16:04:45.000Z","005Dm000000nnayIAA","2023-02-24T16:04:45.000Z","005Dm000000nnayIAA","","","","","","Cash","1.0","a30Dm000000XmxrIAC","800220780409658520","","false"
"a2zDm000000TYaqIAG","005Dm000000nnayIAA","","O-000299","2023-02-24T16:04:45.000Z","005Dm000000nnayIAA","2023-02-24T16:04:45.000Z","005Dm000000nnayIAA","","","","","","Check","2.0","a30Dm000000XmxrIAC","730947945060674094","","false"
"a2zDm000000TYarIAG","005Dm000000nnayIAA","","O-000300","2023-02-24T16:04:45.000Z","005Dm000000nnayIAA","2023-02-24T16:04:45.000Z","005Dm000000nnayIAA","","","","","","Credit Card","3.0","a30Dm000000XmxrIAC","630111282532492432","","false"
"a2zDm000000TYasIAG","005Dm000000nnayIAA","","O-000301","2023-02-24T16:04:45.000Z","005Dm000000nnayIAA","2023-02-24T16:04:45.000Z","005Dm000000nnayIAA","","","","","","Debit Card","4.0","a30Dm000000XmxrIAC","985963149292276196","","false"
"a2zDm000000TYatIAG","005Dm000000nnayIAA","","O-000302","2023-02-24T16:04:45.000Z","005Dm000000nnayIAA","2023-02-24T16:04:45.000Z","005Dm000000nnayIAA","","","","","","Mobile Payments","5.0","a30Dm000000XmxrIAC","125126953088012838","","false"
"a2zDm000000TYauIAG","005Dm000000nnayIAA","","O-000303","2023-02-24T16:04:45.000Z","005Dm000000nnayIAA","2023-02-24T16:04:45.000Z","005Dm000000nnayIAA","","","","","","PayPal","6.0","a30Dm000000XmxrIAC","180309237267020162","","false"
"a2zDm000000TYavIAG","005Dm000000nnayIAA","","O-000304","2023-02-24T16:04:45.000Z","005Dm000000nnayIAA","2023-02-24T16:04:45.000Z","005Dm000000nnayIAA","","","","","","Store credit card","7.0","a30Dm000000XmxrIAC","526801183900370401","","false"
"a2zDm000000TYawIAG","005Dm000000nnayIAA","","O-000305","2023-02-24T16:04:45.000Z","005Dm000000nnayIAA","2023-02-24T16:04:45.000Z","005Dm000000nnayIAA","","","","","","Other","8.0","a30Dm000000XmxrIAC","138033035995561872","","false"
"a2zDm000000TYaxIAG","005Dm000000nnayIAA","","O-000306","2023-02-24T16:04:45.000Z","005Dm000000nnayIAA","2023-02-24T16:04:45.000Z","005Dm000000nnayIAA","","","","","","Automatic payments","1.0","a30Dm000000XmxsIAC","938285531176439124","","false"
"a2zDm000000TYayIAG","005Dm000000nnayIAA","","O-000307","2023-02-24T16:04:45.000Z","005Dm000000nnayIAA","2023-02-24T16:04:45.000Z","005Dm000000nnayIAA","","","","","","Cash","2.0","a30Dm000000XmxsIAC","786099429597010052","","false"
"a2zDm000000TYazIAG","005Dm000000nnayIAA","","O-000308","2023-02-24T16:04:45.000Z","005Dm000000nnayIAA","2023-02-24T16:04:45.000Z","005Dm000000nnayIAA","","","","","","Checks","3.0","a30Dm000000XmxsIAC","407731918220304136","","false"
"a2zDm000000TYb0IAG","005Dm000000nnayIAA","","O-000309","2023-02-24T16:04:45.000Z","005Dm000000nnayIAA","2023-02-24T16:04:45.000Z","005Dm000000nnayIAA","","","","","","Credit card","4.0","a30Dm000000XmxsIAC","551567321107884636","","false"
"a2zDm000000TYb1IAG","005Dm000000nnayIAA","","O-000310","2023-02-24T16:04:45.000Z","005Dm000000nnayIAA","2023-02-24T16:04:45.000Z","005Dm000000nnayIAA","","","","","","No","2.0","a30Dm000000XmxwIAC","616489636026228465","","false"
"a2zDm000000TYb2IAG","005Dm000000nnayIAA","","O-000311","2023-02-24T16:04:45.000Z","005Dm000000nnayIAA","2023-02-24T16:04:45.000Z","005Dm000000nnayIAA","","","","","","Debit card","5.0","a30Dm000000XmxsIAC","093943846332776360","","false"
"a2zDm000000TYb3IAG","005Dm000000nnayIAA","","O-000312","2023-02-24T16:04:45.000Z","005Dm000000nnayIAA","2023-02-24T16:04:45.000Z","005Dm000000nnayIAA","","","","","","Online Bill Pay","6.0","a30Dm000000XmxsIAC","650843030964174921","","false"
"a2zDm000000TYb4IAG","005Dm000000nnayIAA","","O-000313","2023-02-24T16:04:45.000Z","005Dm000000nnayIAA","2023-02-24T16:04:45.000Z","005Dm000000nnayIAA","","","","","","Other","8.0","a30Dm000000XmxsIAC","810774187090758890","","false"
"a2zDm000000TYb5IAG","005Dm000000nnayIAA","","O-000314","2023-02-24T16:04:45.000Z","005Dm000000nnayIAA","2023-02-24T16:04:45.000Z","005Dm000000nnayIAA","","","","","","Rent","6.0","a30Dm000000XmxvIAC","283080958802481551","","false"
"a2zDm000000TYb6IAG","005Dm000000nnayIAA","","O-000315","2023-02-24T16:04:45.000Z","005Dm000000nnayIAA","2023-02-24T16:04:45.000Z","005Dm000000nnayIAA","","","","","","0-3 a year","1.0","a30Dm000000XmxtIAC","792613389282971882","","false"
"a2zDm000000TYb7IAG","005Dm000000nnayIAA","","O-000316","2023-02-24T16:04:45.000Z","005Dm000000nnayIAA","2023-02-24T16:04:45.000Z","005Dm000000nnayIAA","","","","","","No","2.0","a30Dm000000XmxxIAC","032358146071396766","","false"
"a2zDm000000TYb8IAG","005Dm000000nnayIAA","","O-000317","2023-02-24T16:04:45.000Z","005Dm000000nnayIAA","2023-02-24T16:04:45.000Z","005Dm000000nnayIAA","","","","","","4-7 ayear","2.0","a30Dm000000XmxtIAC","746072828512652237","","false"
"a2zDm000000TYb9IAG","005Dm000000nnayIAA","","O-000318","2023-02-24T16:04:45.000Z","005Dm000000nnayIAA","2023-02-24T16:04:45.000Z","005Dm000000nnayIAA","","","","","","more than 7 a year","3.0","a30Dm000000XmxtIAC","267641983629359079","","false"
"a2zDm000000TYbAIAW","005Dm000000nnayIAA","","O-000322","2023-02-24T16:04:45.000Z","005Dm000000nnayIAA","2023-02-24T16:04:45.000Z","005Dm000000nnayIAA","","","","","","$3,000 - $9,999","2.0","a30Dm000000XmxuIAC","954974032724459769","","false"
"a2zDm000000TYbBIAW","005Dm000000nnayIAA","","O-000319","2023-02-24T16:04:45.000Z","005Dm000000nnayIAA","2023-02-24T16:04:45.000Z","005Dm000000nnayIAA","","","","","","Yes","1.0","a30Dm000000XmxEIAS","539746559580927279","","false"
"a2zDm000000TYbCIAW","005Dm000000nnayIAA","","O-000320","2023-02-24T16:04:45.000Z","005Dm000000nnayIAA","2023-02-24T16:04:45.000Z","005Dm000000nnayIAA","","","","","","No","2.0","a30Dm000000XmxEIAS","270545934887381524","","false"
"a2zDm000000TYbDIAW","005Dm000000nnayIAA","","O-000321","2023-02-24T16:04:45.000Z","005Dm000000nnayIAA","2023-02-24T16:04:45.000Z","005Dm000000nnayIAA","","","","","","Less than $3,000","1.0","a30Dm000000XmxuIAC","862431189100156429","","false"
"a2zDm000000TYbEIAW","005Dm000000nnayIAA","","O-000326","2023-02-24T16:04:45.000Z","005Dm000000nnayIAA","2023-02-24T16:04:45.000Z","005Dm000000nnayIAA","","","","","","ATM","1.0","a30Dm000000XmxDIAS","881426736985862817","","false"
"a2zDm000000TYbFIAW","005Dm000000nnayIAA","","O-000323","2023-02-24T16:04:45.000Z","005Dm000000nnayIAA","2023-02-24T16:04:45.000Z","005Dm000000nnayIAA","","","","","","$10,000 - $50,000","3.0","a30Dm000000XmxuIAC","540689886682522966","","false"
"a2zDm000000TYbGIAW","005Dm000000nnayIAA","","O-000324","2023-02-24T16:04:45.000Z","005Dm000000nnayIAA","2023-02-24T16:04:45.000Z","005Dm000000nnayIAA","","","","","","Greater than $50,000","4.0","a30Dm000000XmxuIAC","720678118639398061","","false"
"a2zDm000000TYbHIAW","005Dm000000nnayIAA","","O-000325","2023-02-24T16:04:45.000Z","005Dm000000nnayIAA","2023-02-24T16:04:45.000Z","005Dm000000nnayIAA","","","","","","Utilities","4.0","a30Dm000000XmxvIAC","010602627414128603","","false"
"a2zDm000000TYbIIAW","005Dm000000nnayIAA","","O-000327","2023-02-24T16:04:45.000Z","005Dm000000nnayIAA","2023-02-24T16:04:45.000Z","005Dm000000nnayIAA","","","","","","Direct deposit","2.0","a30Dm000000XmxDIAS","257546983577986349","","false"
"a2zDm000000TYbJIAW","005Dm000000nnayIAA","","O-000328","2023-02-24T16:04:45.000Z","005Dm000000nnayIAA","2023-02-24T16:04:45.000Z","005Dm000000nnayIAA","","","","","","Mobile deposit","3.0","a30Dm000000XmxDIAS","444737441358535604","","false"
"a2zDm000000TYbKIAW","005Dm000000nnayIAA","","O-000329","2023-02-24T16:04:45.000Z","005Dm000000nnayIAA","2023-02-24T16:04:45.000Z","005Dm000000nnayIAA","","","","","","Teller","4.0","a30Dm000000XmxDIAS","539802785122442882","","false"
"a2zDm000000TYbLIAW","005Dm000000nnayIAA","","O-000330","2023-02-24T16:04:45.000Z","005Dm000000nnayIAA","2023-02-24T16:04:45.000Z","005Dm000000nnayIAA","","","","","","Wire transfer","5.0","a30Dm000000XmxDIAS","717138444548602790","","false"
"a2zDm000000TYbMIAW","005Dm000000nnayIAA","","O-000331","2023-02-24T16:04:45.000Z","005Dm000000nnayIAA","2023-02-24T16:04:45.000Z","005Dm000000nnayIAA","","","","","","Other","6.0","a30Dm000000XmxDIAS","457657593852448456","","false"
"a2zDm000000TYbNIAW","005Dm000000nnayIAA","","O-000332","2023-02-24T16:04:45.000Z","005Dm000000nnayIAA","2023-02-24T16:04:45.000Z","005Dm000000nnayIAA","","","","","","Auto","1.0","a30Dm000000XmxvIAC","243763228692487796","","false"
"a2zDm000000TYbOIAW","005Dm000000nnayIAA","","O-000333","2023-02-24T16:04:45.000Z","005Dm000000nnayIAA","2023-02-24T16:04:45.000Z","005Dm000000nnayIAA","","","","","","Credit card","2.0","a30Dm000000XmxvIAC","045853338215918027","","false"
"a2zDm000000TYbPIAW","005Dm000000nnayIAA","","O-000334","2023-02-24T16:04:45.000Z","005Dm000000nnayIAA","2023-02-24T16:04:45.000Z","005Dm000000nnayIAA","","","","","","Loans","3.0","a30Dm000000XmxvIAC","273037936602942946","","false"
"a2zDm000000TYbQIAW","005Dm000000nnayIAA","","O-000335","2023-02-24T16:04:45.000Z","005Dm000000nnayIAA","2023-02-24T16:04:45.000Z","005Dm000000nnayIAA","","","","","","Mortgage","5.0","a30Dm000000XmxvIAC","407869123263838077","","false"
"a2zDm000000TYbRIAW","005Dm000000nnayIAA","","O-000336","2023-02-24T16:04:45.000Z","005Dm000000nnayIAA","2023-02-24T16:04:45.000Z","005Dm000000nnayIAA","","","","","","Insurance","7.0","a30Dm000000XmxvIAC","168011776329472013","","false"
"a2zDm000000TYbSIAW","005Dm000000nnayIAA","","O-000337","2023-02-24T16:04:45.000Z","005Dm000000nnayIAA","2023-02-24T16:04:45.000Z","005Dm000000nnayIAA","","","","","","Student loan","8.0","a30Dm000000XmxvIAC","186958968126203046","","false"
"a2zDm000000TYbTIAW","005Dm000000nnayIAA","","O-000338","2023-02-24T16:04:45.000Z","005Dm000000nnayIAA","2023-02-24T16:04:45.000Z","005Dm000000nnayIAA","","","","","","None","9.0","a30Dm000000XmxvIAC","273511853344780837","","false"
"a2zDm000000TYbUIAW","005Dm000000nnayIAA","","O-000339","2023-02-24T16:04:45.000Z","005Dm000000nnayIAA","2023-02-24T16:04:45.000Z","005Dm000000nnayIAA","","","","","","Other","10.0","a30Dm000000XmxvIAC","939957890930053301","","false"
"a2zDm000000TYbVIAW","005Dm000000nnayIAA","","O-000340","2023-02-24T16:04:45.000Z","005Dm000000nnayIAA","2023-02-24T16:04:45.000Z","005Dm000000nnayIAA","","","","","","Yes","1.0","a30Dm000000XmxwIAC","148863829171859675","","false"
"a2zDm000000TYbWIAW","005Dm000000nnayIAA","","O-000341","2023-02-24T16:04:45.000Z","005Dm000000nnayIAA","2023-02-24T16:04:45.000Z","005Dm000000nnayIAA","","","","","","Yes","1.0","a30Dm000000XmxxIAC","032459992920606313","","false"
"a2zDm000000TYbXIAW","005Dm000000nnayIAA","","O-000342","2023-02-24T16:04:45.000Z","005Dm000000nnayIAA","2023-02-24T16:04:45.000Z","005Dm000000nnayIAA","","","","","","Yes","1.0","a30Dm000000XmxyIAC","532937582722614838","","false"
"a2zDm000000TYbYIAW","005Dm000000nnayIAA","","O-000343","2023-02-24T16:04:45.000Z","005Dm000000nnayIAA","2023-02-24T16:04:45.000Z","005Dm000000nnayIAA","","","","","","No","2.0","a30Dm000000XmxyIAC","557207226050666434","","false"
"a2zDm000000TYbZIAW","005Dm000000nnayIAA","","O-000344","2023-02-24T16:04:45.000Z","005Dm000000nnayIAA","2023-02-24T16:04:45.000Z","005Dm000000nnayIAA","","","","","","Yes","1.0","a30Dm000000XmxlIAC","518128084784284489","","false"
"a2zDm000000TYbaIAG","005Dm000000nnayIAA","","O-000345","2023-02-24T16:04:45.000Z","005Dm000000nnayIAA","2023-02-24T16:04:45.000Z","005Dm000000nnayIAA","","","","","","No","2.0","a30Dm000000XmxlIAC","908677638143717063","","false"
"a2zDm000000TYbbIAG","005Dm000000nnayIAA","","O-000346","2023-02-24T16:04:45.000Z","005Dm000000nnayIAA","2023-02-24T16:04:45.000Z","005Dm000000nnayIAA","","","","","","$0 - $250,000","1.0","a30Dm000000XmxdIAC","808232955383162332","","false"
"a2zDm000000TYbcIAG","005Dm000000nnayIAA","","O-000347","2023-02-24T16:04:45.000Z","005Dm000000nnayIAA","2023-02-24T16:04:45.000Z","005Dm000000nnayIAA","","","","","","$250,001 - $500,000","2.0","a30Dm000000XmxdIAC","115099053626886183","","false"
"a2zDm000000TYbdIAG","005Dm000000nnayIAA","","O-000348","2023-02-24T16:04:45.000Z","005Dm000000nnayIAA","2023-02-24T16:04:45.000Z","005Dm000000nnayIAA","","","","","","0 - 250,000","1.0","a30Dm000000XmxeIAC","365800373500940618","","false"
"a2zDm000000TYbeIAG","005Dm000000nnayIAA","","O-000349","2023-02-24T16:04:45.000Z","005Dm000000nnayIAA","2023-02-24T16:04:45.000Z","005Dm000000nnayIAA","","","","","","$500,001 - $5 million","3.0","a30Dm000000XmxdIAC","149232477749760795","","false"
"a2zDm000000TYbfIAG","005Dm000000nnayIAA","","O-000350","2023-02-24T16:04:45.000Z","005Dm000000nnayIAA","2023-02-24T16:04:45.000Z","005Dm000000nnayIAA","","","","","","501,000 - 5 million","3.0","a30Dm000000XmxeIAC","982668053101706007","","false"
"a2zDm000000TYbgIAG","005Dm000000nnayIAA","","O-000351","2023-02-24T16:04:45.000Z","005Dm000000nnayIAA","2023-02-24T16:04:45.000Z","005Dm000000nnayIAA","","","","","","$5.001 million - $10 million","4.0","a30Dm000000XmxdIAC","628865177794377663","","false"
"a2zDm000000TYbhIAG","005Dm000000nnayIAA","","O-000352","2023-02-24T16:04:45.000Z","005Dm000000nnayIAA","2023-02-24T16:04:45.000Z","005Dm000000nnayIAA","","","","","","250,001 - 500,000","2.0","a30Dm000000XmxeIAC","675063243756540792","","false"
"a2zDm000000TYbiIAG","005Dm000000nnayIAA","","O-000353","2023-02-24T16:04:45.000Z","005Dm000000nnayIAA","2023-02-24T16:04:45.000Z","005Dm000000nnayIAA","","","","","","5.1 million - 10 million","4.0","a30Dm000000XmxeIAC","971837505132447235","","false"
"a2zDm000000TYbjIAG","005Dm000000nnayIAA","","O-000354","2023-02-24T16:04:45.000Z","005Dm000000nnayIAA","2023-02-24T16:04:45.000Z","005Dm000000nnayIAA","","","","","","Yes","1.0","a30Dm000000XmxfIAC","451621344522503843","","false"
"a2zDm000000TYbkIAG","005Dm000000nnayIAA","","O-000355","2023-02-24T16:04:45.000Z","005Dm000000nnayIAA","2023-02-24T16:04:45.000Z","005Dm000000nnayIAA","","","","","","more than 7 a month","3.0","a30Dm000000XmxzIAC","611075652758211628","","false"
"a2zDm000000TYblIAG","005Dm000000nnayIAA","","O-000356","2023-02-24T16:04:45.000Z","005Dm000000nnayIAA","2023-02-24T16:04:45.000Z","005Dm000000nnayIAA","","","","","","No","2.0","a30Dm000000XmxfIAC","617852514921441416","","false"
"a2zDm000000TYbmIAG","005Dm000000nnayIAA","","O-000357","2023-02-24T16:04:45.000Z","005Dm000000nnayIAA","2023-02-24T16:04:45.000Z","005Dm000000nnayIAA","","","","","","$3,000 - $9,9999","2.0","a30Dm000000Xmy0IAC","599566798274965832","","false"
"a2zDm000000TYbnIAG","005Dm000000nnayIAA","","O-000358","2023-02-24T16:04:45.000Z","005Dm000000nnayIAA","2023-02-24T16:04:45.000Z","005Dm000000nnayIAA","","","","","","1 - 3 a month","1.0","a30Dm000000XmxzIAC","123392923586312257","","false"
"a2zDm000000TYboIAG","005Dm000000nnayIAA","","O-000359","2023-02-24T16:04:45.000Z","005Dm000000nnayIAA","2023-02-24T16:04:45.000Z","005Dm000000nnayIAA","","","","","","4 - 7 a month","2.0","a30Dm000000XmxzIAC","505215493787458124","","false"
"a2zDm000000TYbpIAG","005Dm000000nnayIAA","","O-000360","2023-02-24T16:04:45.000Z","005Dm000000nnayIAA","2023-02-24T16:04:45.000Z","005Dm000000nnayIAA","","","","","","Less Than $3,000","1.0","a30Dm000000Xmy0IAC","512363511348985484","","false"
"a2zDm000000TYbqIAG","005Dm000000nnayIAA","","O-000361","2023-02-24T16:04:45.000Z","005Dm000000nnayIAA","2023-02-24T16:04:45.000Z","005Dm000000nnayIAA","","","","","","$10,000 - $50,000","3.0","a30Dm000000Xmy0IAC","777148421728039865","","false"
"a2zDm000000TYbrIAG","005Dm000000nnayIAA","","O-000362","2023-02-24T16:04:45.000Z","005Dm000000nnayIAA","2023-02-24T16:04:45.000Z","005Dm000000nnayIAA","","","","","","Pay Day Lender","7.0","a30Dm000000XmxkIAC","812995133844152878","","false"
"a2zDm000000TYbsIAG","005Dm000000nnayIAA","","O-000363","2023-02-24T16:04:45.000Z","005Dm000000nnayIAA","2023-02-24T16:04:45.000Z","005Dm000000nnayIAA","","","","","","Greater than $50,000","4.0","a30Dm000000Xmy0IAC","873723357828833452","","false"
"a2zDm000000TYbtIAG","005Dm000000nnayIAA","","O-000364","2023-02-24T16:04:45.000Z","005Dm000000nnayIAA","2023-02-24T16:04:45.000Z","005Dm000000nnayIAA","","","","","","Less than 1 year","1.0","a30Dm000000XmxhIAC","108236621460288013","","false"
"a2zDm000000TYbuIAG","005Dm000000nnayIAA","","O-000365","2023-02-24T16:04:45.000Z","005Dm000000nnayIAA","2023-02-24T16:04:45.000Z","005Dm000000nnayIAA","","","","","","Yes","1.0","a30Dm000000Xmy1IAC","200039482095586197","","false"
"a2zDm000000TYbvIAG","005Dm000000nnayIAA","","O-000366","2023-02-24T16:04:45.000Z","005Dm000000nnayIAA","2023-02-24T16:04:45.000Z","005Dm000000nnayIAA","","","","","","Greater than 1 year","2.0","a30Dm000000XmxhIAC","628719476632075230","","false"
"a2zDm000000TYbwIAG","005Dm000000nnayIAA","","O-000367","2023-02-24T16:04:45.000Z","005Dm000000nnayIAA","2023-02-24T16:04:45.000Z","005Dm000000nnayIAA","","","","","","Payroll","1.0","a30Dm000000XmxjIAC","115790078143153159","","false"
"a2zDm000000TYbxIAG","005Dm000000nnayIAA","","O-000368","2023-02-24T16:04:45.000Z","005Dm000000nnayIAA","2023-02-24T16:04:45.000Z","005Dm000000nnayIAA","","","","","","Operations","2.0","a30Dm000000XmxjIAC","125080167941275607","","false"
"a2zDm000000TYbyIAG","005Dm000000nnayIAA","","O-000369","2023-02-24T16:04:45.000Z","005Dm000000nnayIAA","2023-02-24T16:04:45.000Z","005Dm000000nnayIAA","","","","","","Marijuana Related Business","2.0","a30Dm000000XmxkIAC","215366858137619560","","false"
"a2zDm000000TYbzIAG","005Dm000000nnayIAA","","O-000370","2023-02-24T16:04:45.000Z","005Dm000000nnayIAA","2023-02-24T16:04:45.000Z","005Dm000000nnayIAA","","","","","","Savings","3.0","a30Dm000000XmxjIAC","638619375410870000","","false"
"a2zDm000000TYc0IAG","005Dm000000nnayIAA","","O-000371","2023-02-24T16:04:45.000Z","005Dm000000nnayIAA","2023-02-24T16:04:45.000Z","005Dm000000nnayIAA","","","","","","Money Service Business","1.0","a30Dm000000XmxkIAC","380352480808523255","","false"
"a2zDm000000TYc1IAG","005Dm000000nnayIAA","","O-000372","2023-02-24T16:04:45.000Z","005Dm000000nnayIAA","2023-02-24T16:04:45.000Z","005Dm000000nnayIAA","","","","","","IOLTA","3.0","a30Dm000000XmxkIAC","494752993588037502","","false"
"a2zDm000000TYc2IAG","005Dm000000nnayIAA","","O-000373","2023-02-24T16:04:45.000Z","005Dm000000nnayIAA","2023-02-24T16:04:45.000Z","005Dm000000nnayIAA","","","","","","Third Party Payment Processor","6.0","a30Dm000000XmxkIAC","340406982411231155","","false"
"a2zDm000000TYc3IAG","005Dm000000nnayIAA","","O-000374","2023-02-24T16:04:45.000Z","005Dm000000nnayIAA","2023-02-24T16:04:45.000Z","005Dm000000nnayIAA","","","","","","NGO","4.0","a30Dm000000XmxkIAC","271161645500857483","","false"
"a2zDm000000TYc4IAG","005Dm000000nnayIAA","","O-000375","2023-02-24T16:04:45.000Z","005Dm000000nnayIAA","2023-02-24T16:04:45.000Z","005Dm000000nnayIAA","","","","","","Embassy","5.0","a30Dm000000XmxkIAC","789589310647325170","","false"
"a2zDm000000TYc5IAG","005Dm000000nnayIAA","","O-000376","2023-02-24T16:04:45.000Z","005Dm000000nnayIAA","2023-02-24T16:04:45.000Z","005Dm000000nnayIAA","","","","","","Cash Intensive Business","8.0","a30Dm000000XmxkIAC","507556794774516209","","false"
"a2zDm000000TYc6IAG","005Dm000000nnayIAA","","O-000377","2023-02-24T16:04:45.000Z","005Dm000000nnayIAA","2023-02-24T16:04:45.000Z","005Dm000000nnayIAA","","","","","","Prof Service Provider","9.0","a30Dm000000XmxkIAC","627056881603596477","","false"
"a2zDm000000TYc7IAG","005Dm000000nnayIAA","","O-000378","2023-02-24T16:04:45.000Z","005Dm000000nnayIAA","2023-02-24T16:04:45.000Z","005Dm000000nnayIAA","","","","","","FFI & NFFE","10.0","a30Dm000000XmxkIAC","354389797816000635","","false"
"a2zDm000000TYc8IAG","005Dm000000nnayIAA","","O-000379","2023-02-24T16:04:45.000Z","005Dm000000nnayIAA","2023-02-24T16:04:45.000Z","005Dm000000nnayIAA","","","","","","No","2.0","a30Dm000000Xmy1IAC","285429824699969476","","false"
"a2zDm000000TYc9IAG","005Dm000000nnayIAA","","O-000380","2023-02-24T16:04:45.000Z","005Dm000000nnayIAA","2023-02-24T16:04:45.000Z","005Dm000000nnayIAA","","","","","","Yes","1.0","a30Dm000000Xmy2IAC","302922618584553049","","false"
"a2zDm000000TYcAIAW","005Dm000000nnayIAA","","O-000381","2023-02-24T16:04:45.000Z","005Dm000000nnayIAA","2023-02-24T16:04:45.000Z","005Dm000000nnayIAA","","","","","","No","2.0","a30Dm000000Xmy2IAC","050806434477637014","","false"
"a2zDm000000TYcBIAW","005Dm000000nnayIAA","","O-000382","2023-02-24T16:04:45.000Z","005Dm000000nnayIAA","2023-02-24T16:04:45.000Z","005Dm000000nnayIAA","","","","","","Online Banking","1.0","a30Dm000000Xmy3IAC","005993908386246730","","false"
"a2zDm000000TYcCIAW","005Dm000000nnayIAA","","O-000383","2023-02-24T16:04:45.000Z","005Dm000000nnayIAA","2023-02-24T16:04:45.000Z","005Dm000000nnayIAA","","","","","","Sweep Accounts","2.0","a30Dm000000Xmy3IAC","039302696472202928","","false"
"a2zDm000000TYcDIAW","005Dm000000nnayIAA","","O-000384","2023-02-24T16:04:45.000Z","005Dm000000nnayIAA","2023-02-24T16:04:45.000Z","005Dm000000nnayIAA","","","","","","ACH","3.0","a30Dm000000Xmy3IAC","265040727524458558","","false"
"a2zDm000000TYcEIAW","005Dm000000nnayIAA","","O-000385","2023-02-24T16:04:45.000Z","005Dm000000nnayIAA","2023-02-24T16:04:45.000Z","005Dm000000nnayIAA","","","","","","Wire transfer","4.0","a30Dm000000Xmy3IAC","530219880302449867","","false"
"a2zDm000000TYcFIAW","005Dm000000nnayIAA","","O-000386","2023-02-24T16:04:45.000Z","005Dm000000nnayIAA","2023-02-24T16:04:45.000Z","005Dm000000nnayIAA","","","","","","None","5.0","a30Dm000000Xmy3IAC","170003956409477656","","false"
"a2zDm000000TYcGIAW","005Dm000000nnayIAA","","O-000387","2023-02-24T16:04:45.000Z","005Dm000000nnayIAA","2023-02-24T16:04:45.000Z","005Dm000000nnayIAA","","","","","","$0 - $10,000","1.0","a30Dm000000XmxiIAC","006906589429542707","","false"
"a2zDm000000TYcHIAW","005Dm000000nnayIAA","","O-000388","2023-02-24T16:04:45.000Z","005Dm000000nnayIAA","2023-02-24T16:04:45.000Z","005Dm000000nnayIAA","","","","","","$10,000 - $50,000","2.0","a30Dm000000XmxiIAC","318760108860471110","","false"
"a2zDm000000TYcIIAW","005Dm000000nnayIAA","","O-000389","2023-02-24T16:04:45.000Z","005Dm000000nnayIAA","2023-02-24T16:04:45.000Z","005Dm000000nnayIAA","","","","","","Greater than $50,000","3.0","a30Dm000000XmxiIAC","274151551354253852","","false"
"a2zDm000000TYcJIAW","005Dm000000nnayIAA","","O-000390","2023-02-24T16:04:45.000Z","005Dm000000nnayIAA","2023-02-24T16:04:45.000Z","005Dm000000nnayIAA","","","","","","Yes","1.0","a30Dm000000Xmy7IAC","938775136435397212","","false"
"a2zDm000000TYcKIAW","005Dm000000nnayIAA","","O-000391","2023-02-24T16:04:45.000Z","005Dm000000nnayIAA","2023-02-24T16:04:45.000Z","005Dm000000nnayIAA","","","","","","Yes","1.0","a30Dm000000Xmy4IAC","777276562181456486","","false"
"a2zDm000000TYcLIAW","005Dm000000nnayIAA","","O-000392","2023-02-24T16:04:45.000Z","005Dm000000nnayIAA","2023-02-24T16:04:45.000Z","005Dm000000nnayIAA","","","","","","No","2.0","a30Dm000000Xmy4IAC","464630486149616060","","false"
"a2zDm000000TYcMIAW","005Dm000000nnayIAA","","O-000393","2023-02-24T16:04:45.000Z","005Dm000000nnayIAA","2023-02-24T16:04:45.000Z","005Dm000000nnayIAA","","","","","","Yes","1.0","a30Dm000000Xmy5IAC","364043826245853643","","false"
"a2zDm000000TYcNIAW","005Dm000000nnayIAA","","O-000394","2023-02-24T16:04:45.000Z","005Dm000000nnayIAA","2023-02-24T16:04:45.000Z","005Dm000000nnayIAA","","","","","","No","2.0","a30Dm000000Xmy5IAC","874736028007249105","","false"
"a2zDm000000TYcOIAW","005Dm000000nnayIAA","","O-000395","2023-02-24T16:04:45.000Z","005Dm000000nnayIAA","2023-02-24T16:04:45.000Z","005Dm000000nnayIAA","","","","","","Yes","1.0","a30Dm000000Xmy6IAC","128584636260785032","","false"
"a2zDm000000TYcPIAW","005Dm000000nnayIAA","","O-000396","2023-02-24T16:04:45.000Z","005Dm000000nnayIAA","2023-02-24T16:04:45.000Z","005Dm000000nnayIAA","","","","","","No","2.0","a30Dm000000Xmy6IAC","759515274362594922","","false"
"a2zDm000000TYcQIAW","005Dm000000nnayIAA","","O-000397","2023-02-24T16:04:45.000Z","005Dm000000nnayIAA","2023-02-24T16:04:45.000Z","005Dm000000nnayIAA","","","","","","No","2.0","a30Dm000000Xmy7IAC","911344992016090563","","false"
"a2zDm000000TYcRIAW","005Dm000000nnayIAA","","O-000401","2023-02-24T16:04:45.000Z","005Dm000000nnayIAA","2023-02-24T16:04:45.000Z","005Dm000000nnayIAA","","","","","","Greater than $50,000","4.0","a30Dm000000XmxgIAC","013191037297881668","","false"
"a2zDm000000TYcSIAW","005Dm000000nnayIAA","","O-000398","2023-02-24T16:04:45.000Z","005Dm000000nnayIAA","2023-02-24T16:04:45.000Z","005Dm000000nnayIAA","","","","","","Less Than $3,000","1.0","a30Dm000000XmxgIAC","941862195050476335","","false"
"a2zDm000000TYcTIAW","005Dm000000nnayIAA","","O-000399","2023-02-24T16:04:45.000Z","005Dm000000nnayIAA","2023-02-24T16:04:45.000Z","005Dm000000nnayIAA","","","","","","$3,000 - $9,999","2.0","a30Dm000000XmxgIAC","234222170791125600","","false"
"a2zDm000000TYcUIAW","005Dm000000nnayIAA","","O-000400","2023-02-24T16:04:45.000Z","005Dm000000nnayIAA","2023-02-24T16:04:45.000Z","005Dm000000nnayIAA","","","","","","$10,000 - $50,000","3.0","a30Dm000000XmxgIAC","997340040350169332","","false"
