"Id","OwnerId","IsDeleted","Name","CreatedDate","CreatedById","LastModifiedDate","LastModifiedById","SystemModstamp","ConnectionReceivedId","ConnectionSentId","nFORCE__Condition__c","nFORCE__Conditional_Question__c","nFORCE__Option__c","nFORCE__Question__c","nFORCE__lookupKey__c"
"a2yDm000000oRpGIAU","005Dm000000nnayIAA","","OR-000101","2023-02-24T16:04:45.000Z","005Dm000000nnayIAA","2023-02-24T16:04:45.000Z","005Dm000000nnayIAA","","","","equal to","a30Dm000000XmxJIAS","a2zDm000000TYZbIAO","a30Dm000000XmxHIAS","a2yDm000000oRqIIAU"
"a2yDm000000oRpHIAU","005Dm000000nnayIAA","","OR-000110","2023-02-24T16:04:45.000Z","005Dm000000nnayIAA","2023-02-24T16:04:45.000Z","005Dm000000nnayIAA","","","","equal to","a30Dm000000XmxoIAC","a2zDm000000TYaKIAW","a30Dm000000XmxYIAS","a2yDm000000oRqJIAU"
"a2yDm000000oRpIIAU","005Dm000000nnayIAA","","OR-000111","2023-02-24T16:04:45.000Z","005Dm000000nnayIAA","2023-02-24T16:04:45.000Z","005Dm000000nnayIAA","","","","equal to","a30Dm000000XmxoIAC","a2zDm000000TYaLIAW","a30Dm000000XmxYIAS","a2yDm000000oRqKIAU"
"a2yDm000000oRpJIAU","005Dm000000nnayIAA","","OR-000112","2023-02-24T16:04:45.000Z","005Dm000000nnayIAA","2023-02-24T16:04:45.000Z","005Dm000000nnayIAA","","","","equal to","a30Dm000000XmxoIAC","a2zDm000000TYaMIAW","a30Dm000000XmxYIAS","a2yDm000000oRqLIAU"
"a2yDm000000oRpKIAU","005Dm000000nnayIAA","","OR-000113","2023-02-24T16:04:45.000Z","005Dm000000nnayIAA","2023-02-24T16:04:45.000Z","005Dm000000nnayIAA","","","","equal to","a30Dm000000XmxZIAS","a2zDm000000TYZwIAO","a30Dm000000XmxYIAS","a2yDm000000oRqMIAU"
"a2yDm000000oRpLIAU","005Dm000000nnayIAA","","OR-000114","2023-02-24T16:04:45.000Z","005Dm000000nnayIAA","2023-02-24T16:04:45.000Z","005Dm000000nnayIAA","","","","equal to","a30Dm000000XmxoIAC","a2zDm000000TYaNIAW","a30Dm000000XmxZIAS","a2yDm000000oRqNIAU"
"a2yDm000000oRpMIAU","005Dm000000nnayIAA","","OR-000115","2023-02-24T16:04:45.000Z","005Dm000000nnayIAA","2023-02-24T16:04:45.000Z","005Dm000000nnayIAA","","","","equal to","a30Dm000000XmxaIAC","a2zDm000000TYZxIAO","a30Dm000000XmxZIAS","a2yDm000000oRqOIAU"
"a2yDm000000oRpNIAU","005Dm000000nnayIAA","","OR-000116","2023-02-24T16:04:45.000Z","005Dm000000nnayIAA","2023-02-24T16:04:45.000Z","005Dm000000nnayIAA","","","","equal to","a30Dm000000XmxoIAC","a2zDm000000TYaOIAW","a30Dm000000XmxaIAC","a2yDm000000oRqPIAU"
"a2yDm000000oRpOIAU","005Dm000000nnayIAA","","OR-000117","2023-02-24T16:04:45.000Z","005Dm000000nnayIAA","2023-02-24T16:04:45.000Z","005Dm000000nnayIAA","","","","equal to","a30Dm000000XmxBIAS","a2zDm000000TYZyIAO","a30Dm000000XmxaIAC","a2yDm000000oRqQIAU"
"a2yDm000000oRpPIAU","005Dm000000nnayIAA","","OR-000118","2023-02-24T16:04:45.000Z","005Dm000000nnayIAA","2023-02-24T16:04:45.000Z","005Dm000000nnayIAA","","","","equal to","a30Dm000000XmxoIAC","a2zDm000000TYaQIAW","a30Dm000000XmxBIAS","a2yDm000000oRqRIAU"
"a2yDm000000oRpQIAU","005Dm000000nnayIAA","","OR-000119","2023-02-24T16:04:45.000Z","005Dm000000nnayIAA","2023-02-24T16:04:45.000Z","005Dm000000nnayIAA","","","","equal to","a30Dm000000XmxbIAC","a2zDm000000TYZzIAO","a30Dm000000XmxBIAS","a2yDm000000oRqSIAU"
"a2yDm000000oRpRIAU","005Dm000000nnayIAA","","OR-000120","2023-02-24T16:04:45.000Z","005Dm000000nnayIAA","2023-02-24T16:04:45.000Z","005Dm000000nnayIAA","","","","equal to","a30Dm000000XmxoIAC","a2zDm000000TYaPIAW","a30Dm000000XmxbIAC","a2yDm000000oRqTIAU"
"a2yDm000000oRpSIAU","005Dm000000nnayIAA","","OR-000121","2023-02-24T16:04:45.000Z","005Dm000000nnayIAA","2023-02-24T16:04:45.000Z","005Dm000000nnayIAA","","","","equal to","a30Dm000000XmxcIAC","a2zDm000000TYa0IAG","a30Dm000000XmxbIAC","a2yDm000000oRqUIAU"
"a2yDm000000oRpTIAU","005Dm000000nnayIAA","","OR-000122","2023-02-24T16:04:45.000Z","005Dm000000nnayIAA","2023-02-24T16:04:45.000Z","005Dm000000nnayIAA","","","","equal to","a30Dm000000XmxpIAC","a2zDm000000TYaSIAW","a30Dm000000XmxSIAS","a2yDm000000oRqVIAU"
"a2yDm000000oRpUIAU","005Dm000000nnayIAA","","OR-000123","2023-02-24T16:04:45.000Z","005Dm000000nnayIAA","2023-02-24T16:04:45.000Z","005Dm000000nnayIAA","","","","equal to","a30Dm000000XmxTIAS","a2zDm000000TYZqIAO","a30Dm000000XmxSIAS","a2yDm000000oRqWIAU"
"a2yDm000000oRpVIAU","005Dm000000nnayIAA","","OR-000124","2023-02-24T16:04:45.000Z","005Dm000000nnayIAA","2023-02-24T16:04:45.000Z","005Dm000000nnayIAA","","","","equal to","a30Dm000000XmxpIAC","a2zDm000000TYaTIAW","a30Dm000000XmxTIAS","a2yDm000000oRqXIAU"
"a2yDm000000oRpWIAU","005Dm000000nnayIAA","","OR-000125","2023-02-24T16:04:45.000Z","005Dm000000nnayIAA","2023-02-24T16:04:45.000Z","005Dm000000nnayIAA","","","","equal to","a30Dm000000XmxUIAS","a2zDm000000TYZrIAO","a30Dm000000XmxTIAS","a2yDm000000oRqZIAU"
"a2yDm000000oRpXIAU","005Dm000000nnayIAA","","OR-000126","2023-02-24T16:04:45.000Z","005Dm000000nnayIAA","2023-02-24T16:04:45.000Z","005Dm000000nnayIAA","","","","equal to","a30Dm000000XmxVIAS","a2zDm000000TYZsIAO","a30Dm000000XmxUIAS","a2yDm000000oRqYIAU"
"a2yDm000000oRpYIAU","005Dm000000nnayIAA","","OR-000127","2023-02-24T16:04:45.000Z","005Dm000000nnayIAA","2023-02-24T16:04:45.000Z","005Dm000000nnayIAA","","","","equal to","a30Dm000000XmxpIAC","a2zDm000000TYaUIAW","a30Dm000000XmxUIAS","a2yDm000000oRqaIAE"
"a2yDm000000oRpZIAU","005Dm000000nnayIAA","","OR-000128","2023-02-24T16:04:45.000Z","005Dm000000nnayIAA","2023-02-24T16:04:45.000Z","005Dm000000nnayIAA","","","","equal to","a30Dm000000XmxWIAS","a2zDm000000TYZtIAO","a30Dm000000XmxVIAS","a2yDm000000oRqbIAE"
"a2yDm000000oRpaIAE","005Dm000000nnayIAA","","OR-000129","2023-02-24T16:04:45.000Z","005Dm000000nnayIAA","2023-02-24T16:04:45.000Z","005Dm000000nnayIAA","","","","equal to","a30Dm000000XmxpIAC","a2zDm000000TYaVIAW","a30Dm000000XmxVIAS","a2yDm000000oRqcIAE"
"a2yDm000000oRpbIAE","005Dm000000nnayIAA","","OR-000130","2023-02-24T16:04:45.000Z","005Dm000000nnayIAA","2023-02-24T16:04:45.000Z","005Dm000000nnayIAA","","","","equal to","a30Dm000000XmxpIAC","a2zDm000000TYaWIAW","a30Dm000000XmxWIAS","a2yDm000000oRqdIAE"
"a2yDm000000oRpcIAE","005Dm000000nnayIAA","","OR-000131","2023-02-24T16:04:45.000Z","005Dm000000nnayIAA","2023-02-24T16:04:45.000Z","005Dm000000nnayIAA","","","","equal to","a30Dm000000XmxPIAS","a2zDm000000TYZZIA4","a30Dm000000XmxHIAS","a2yDm000000oRqeIAE"
"a2yDm000000oRpdIAE","005Dm000000nnayIAA","","OR-000132","2023-02-24T16:04:45.000Z","005Dm000000nnayIAA","2023-02-24T16:04:45.000Z","005Dm000000nnayIAA","","","","equal to","a30Dm000000XmxPIAS","a2zDm000000TYa7IAG","a30Dm000000XmxJIAS","a2yDm000000oRqfIAE"
"a2yDm000000oRpeIAE","005Dm000000nnayIAA","","OR-000133","2023-02-24T16:04:45.000Z","005Dm000000nnayIAA","2023-02-24T16:04:45.000Z","005Dm000000nnayIAA","","","","equal to","a30Dm000000XmxPIAS","a2zDm000000TYa8IAG","a30Dm000000XmxKIAS","a2yDm000000oRqgIAE"
"a2yDm000000oRpfIAE","005Dm000000nnayIAA","","OR-000134","2023-02-24T16:04:45.000Z","005Dm000000nnayIAA","2023-02-24T16:04:45.000Z","005Dm000000nnayIAA","","","","equal to","a30Dm000000XmxnIAC","a2zDm000000TYZdIAO","a30Dm000000XmxKIAS","a2yDm000000oRqhIAE"
"a2yDm000000oRpgIAE","005Dm000000nnayIAA","","OR-000135","2023-02-24T16:04:45.000Z","005Dm000000nnayIAA","2023-02-24T16:04:45.000Z","005Dm000000nnayIAA","","","","equal to","a30Dm000000XmxQIAS","a2zDm000000TYZfIAO","a30Dm000000XmxMIAS","a2yDm000000oRqiIAE"
"a2yDm000000oRphIAE","005Dm000000nnayIAA","","OR-000136","2023-02-24T16:04:45.000Z","005Dm000000nnayIAA","2023-02-24T16:04:45.000Z","005Dm000000nnayIAA","","","","equal to","a30Dm000000XmxQIAS","a2zDm000000TYZkIAO","a30Dm000000XmxMIAS","a2yDm000000oRqjIAE"
"a2yDm000000oRpiIAE","005Dm000000nnayIAA","","OR-000137","2023-02-24T16:04:45.000Z","005Dm000000nnayIAA","2023-02-24T16:04:45.000Z","005Dm000000nnayIAA","","","","equal to","a30Dm000000XmxRIAS","a2zDm000000TYZmIAO","a30Dm000000XmxQIAS","a2yDm000000oRqkIAE"
"a2yDm000000oRpjIAE","005Dm000000nnayIAA","","OR-000138","2023-02-24T16:04:45.000Z","005Dm000000nnayIAA","2023-02-24T16:04:45.000Z","005Dm000000nnayIAA","","","","equal to","a30Dm000000XmxRIAS","a2zDm000000TYa5IAG","a30Dm000000XmxQIAS","a2yDm000000oRqlIAE"
"a2yDm000000oRpkIAE","005Dm000000nnayIAA","","OR-000144","2023-02-24T16:04:45.000Z","005Dm000000nnayIAA","2023-02-24T16:04:45.000Z","005Dm000000nnayIAA","","","","equal to","a30Dm000000XmxvIAC","a2zDm000000TYadIAG","a30Dm000000XmxFIAS","798087243795497386"
"a2yDm000000oRplIAE","005Dm000000nnayIAA","","OR-000143","2023-02-24T16:04:45.000Z","005Dm000000nnayIAA","2023-02-24T16:04:45.000Z","005Dm000000nnayIAA","","","","equal to","a30Dm000000XmxXIAS","a2zDm000000TYZuIAO","a30Dm000000XmxWIAS","a2yDm000000oRqmIAE"
"a2yDm000000oRpmIAE","005Dm000000nnayIAA","","OR-000145","2023-02-24T16:04:45.000Z","005Dm000000nnayIAA","2023-02-24T16:04:45.000Z","005Dm000000nnayIAA","","","","equal to","a30Dm000000XmxrIAC","a2zDm000000TYadIAG","a30Dm000000XmxFIAS","696948244045324971"
"a2yDm000000oRpnIAE","005Dm000000nnayIAA","","OR-000146","2023-02-24T16:04:45.000Z","005Dm000000nnayIAA","2023-02-24T16:04:45.000Z","005Dm000000nnayIAA","","","","equal to","a30Dm000000XmxsIAC","a2zDm000000TYadIAG","a30Dm000000XmxFIAS","954304745233254588"
"a2yDm000000oRpoIAE","005Dm000000nnayIAA","","OR-000147","2023-02-24T16:04:45.000Z","005Dm000000nnayIAA","2023-02-24T16:04:45.000Z","005Dm000000nnayIAA","","","","equal to","a30Dm000000XmxwIAC","a2zDm000000TYadIAG","a30Dm000000XmxFIAS","996790203376396096"
"a2yDm000000oRppIAE","005Dm000000nnayIAA","","OR-000148","2023-02-24T16:04:45.000Z","005Dm000000nnayIAA","2023-02-24T16:04:45.000Z","005Dm000000nnayIAA","","","","equal to","a30Dm000000XmxxIAC","a2zDm000000TYadIAG","a30Dm000000XmxFIAS","167239791704037961"
"a2yDm000000oRpqIAE","005Dm000000nnayIAA","","OR-000149","2023-02-24T16:04:45.000Z","005Dm000000nnayIAA","2023-02-24T16:04:45.000Z","005Dm000000nnayIAA","","","","equal to","a30Dm000000XmxyIAC","a2zDm000000TYadIAG","a30Dm000000XmxFIAS","476271547201690502"
"a2yDm000000oRprIAE","005Dm000000nnayIAA","","OR-000150","2023-02-24T16:04:45.000Z","005Dm000000nnayIAA","2023-02-24T16:04:45.000Z","005Dm000000nnayIAA","","","","equal to","a30Dm000000XmxqIAC","a2zDm000000TYadIAG","a30Dm000000XmxFIAS","909295577383983993"
"a2yDm000000oRpsIAE","005Dm000000nnayIAA","","OR-000151","2023-02-24T16:04:45.000Z","005Dm000000nnayIAA","2023-02-24T16:04:45.000Z","005Dm000000nnayIAA","","","","equal to","a30Dm000000XmxuIAC","a2zDm000000TYbBIAW","a30Dm000000XmxEIAS","679581452003245025"
"a2yDm000000oRptIAE","005Dm000000nnayIAA","","OR-000152","2023-02-24T16:04:45.000Z","005Dm000000nnayIAA","2023-02-24T16:04:45.000Z","005Dm000000nnayIAA","","","","equal to","a30Dm000000Xmy2IAC","a2zDm000000TYbZIAW","a30Dm000000XmxlIAC","505525074955899211"
"a2yDm000000oRpuIAE","005Dm000000nnayIAA","","OR-000153","2023-02-24T16:04:45.000Z","005Dm000000nnayIAA","2023-02-24T16:04:45.000Z","005Dm000000nnayIAA","","","","equal to","a30Dm000000Xmy5IAC","a2zDm000000TYbZIAW","a30Dm000000XmxlIAC","587205368299443070"
"a2yDm000000oRpvIAE","005Dm000000nnayIAA","","OR-000154","2023-02-24T16:04:45.000Z","005Dm000000nnayIAA","2023-02-24T16:04:45.000Z","005Dm000000nnayIAA","","","","equal to","a30Dm000000Xmy4IAC","a2zDm000000TYbZIAW","a30Dm000000XmxlIAC","741645842906899069"
"a2yDm000000oRpwIAE","005Dm000000nnayIAA","","OR-000155","2023-02-24T16:04:45.000Z","005Dm000000nnayIAA","2023-02-24T16:04:45.000Z","005Dm000000nnayIAA","","","","equal to","a30Dm000000Xmy3IAC","a2zDm000000TYbZIAW","a30Dm000000XmxlIAC","337065213448562634"
"a2yDm000000oRpxIAE","005Dm000000nnayIAA","","OR-000156","2023-02-24T16:04:45.000Z","005Dm000000nnayIAA","2023-02-24T16:04:45.000Z","005Dm000000nnayIAA","","","","equal to","a30Dm000000Xmy6IAC","a2zDm000000TYbZIAW","a30Dm000000XmxlIAC","402593914880540994"
"a2yDm000000oRpyIAE","005Dm000000nnayIAA","","OR-000157","2023-02-24T16:04:45.000Z","005Dm000000nnayIAA","2023-02-24T16:04:45.000Z","005Dm000000nnayIAA","","","","equal to","a30Dm000000Xmy7IAC","a2zDm000000TYbZIAW","a30Dm000000XmxlIAC","157414416421196833"
"a2yDm000000oRpzIAE","005Dm000000nnayIAA","","OR-000158","2023-02-24T16:04:45.000Z","005Dm000000nnayIAA","2023-02-24T16:04:45.000Z","005Dm000000nnayIAA","","","","equal to","a30Dm000000XmxzIAC","a2zDm000000TYbjIAG","a30Dm000000XmxfIAC","768343726252058932"
"a2yDm000000oRq0IAE","005Dm000000nnayIAA","","OR-000159","2023-02-24T16:04:45.000Z","005Dm000000nnayIAA","2023-02-24T16:04:45.000Z","005Dm000000nnayIAA","","","","equal to","a30Dm000000Xmy1IAC","a2zDm000000TYc0IAG","a30Dm000000XmxkIAC","369445451405573998"
"a2yDm000000oRq1IAE","005Dm000000nnayIAA","","OR-000160","2023-02-24T16:04:45.000Z","005Dm000000nnayIAA","2023-02-24T16:04:45.000Z","005Dm000000nnayIAA","","","","not equal to","a30Dm000000Xmy2IAC","a2zDm000000TYcFIAW","a30Dm000000Xmy3IAC","846421204813844502"
"a2yDm000000oRq2IAE","005Dm000000nnayIAA","","OR-000162","2023-02-24T16:04:45.000Z","005Dm000000nnayIAA","2023-02-24T16:04:45.000Z","005Dm000000nnayIAA","","","","equal to","a30Dm000000XmyCIAS","a2zDm000000TYaBIAW","a30Dm000000Xmy9IAC","a2yDm000000oRqnIAE"
"a2yDm000000oRq3IAE","005Dm000000nnayIAA","","OR-000161","2023-02-24T16:04:45.000Z","005Dm000000nnayIAA","2023-02-24T16:04:45.000Z","005Dm000000nnayIAA","","","","equal to","a30Dm000000XmyEIAS","a2zDm000000TYZpIAO","a30Dm000000Xmy9IAC","a2yDm000000oRqoIAE"
"a2yDm000000oRq4IAE","005Dm000000nnayIAA","","OR-000163","2023-02-24T16:04:45.000Z","005Dm000000nnayIAA","2023-02-24T16:04:45.000Z","005Dm000000nnayIAA","","","","equal to","a30Dm000000XmyEIAS","a2zDm000000TYaEIAW","a30Dm000000Xmy8IAC","a2yDm000000oRqpIAE"
"a2yDm000000oRq5IAE","005Dm000000nnayIAA","","OR-000164","2023-02-24T16:04:45.000Z","005Dm000000nnayIAA","2023-02-24T16:04:45.000Z","005Dm000000nnayIAA","","","","equal to","a30Dm000000XmyEIAS","a2zDm000000TYaCIAW","a30Dm000000XmyBIAS","a2yDm000000oRqrIAE"
"a2yDm000000oRq6IAE","005Dm000000nnayIAA","","OR-000165","2023-02-24T16:04:45.000Z","005Dm000000nnayIAA","2023-02-24T16:04:45.000Z","005Dm000000nnayIAA","","","","equal to","a30Dm000000Xmy8IAC","a2zDm000000TYaDIAW","a30Dm000000XmyBIAS","a2yDm000000oRqsIAE"
"a2yDm000000oRq7IAE","005Dm000000nnayIAA","","OR-000166","2023-02-24T16:04:45.000Z","005Dm000000nnayIAA","2023-02-24T16:04:45.000Z","005Dm000000nnayIAA","","","","equal to","a30Dm000000XmyDIAS","a2zDm000000TYaFIAW","a30Dm000000Xmy8IAC","a2yDm000000oRqtIAE"
"a2yDm000000oRq8IAE","005Dm000000nnayIAA","","OR-000167","2023-02-24T16:04:45.000Z","005Dm000000nnayIAA","2023-02-24T16:04:45.000Z","005Dm000000nnayIAA","","","","equal to","a30Dm000000XmyEIAS","a2zDm000000TYaGIAW","a30Dm000000XmyCIAS","a2yDm000000oRqqIAE"
"a2yDm000000oRq9IAE","005Dm000000nnayIAA","","OR-000168","2023-02-24T16:04:45.000Z","005Dm000000nnayIAA","2023-02-24T16:04:45.000Z","005Dm000000nnayIAA","","","","equal to","a30Dm000000XmyBIAS","a2zDm000000TYaHIAW","a30Dm000000XmyCIAS","a2yDm000000oRquIAE"
"a2yDm000000oRqAIAU","005Dm000000nnayIAA","","OR-000169","2023-02-24T16:04:45.000Z","005Dm000000nnayIAA","2023-02-24T16:04:45.000Z","005Dm000000nnayIAA","","","","equal to","a30Dm000000XmyAIAS","a2zDm000000TYZpIAO","a30Dm000000Xmy9IAC","a2yDm000000oRqvIAE"
"a2yDm000000oRqBIAU","005Dm000000nnayIAA","","OR-000170","2023-02-24T16:04:45.000Z","005Dm000000nnayIAA","2023-02-24T16:04:45.000Z","005Dm000000nnayIAA","","","","equal to","a30Dm000000XmyAIAS","a2zDm000000TYaCIAW","a30Dm000000XmyBIAS","a2yDm000000oRqwIAE"
"a2yDm000000oRqCIAU","005Dm000000nnayIAA","","OR-000171","2023-02-24T16:04:45.000Z","005Dm000000nnayIAA","2023-02-24T16:04:45.000Z","005Dm000000nnayIAA","","","","equal to","a30Dm000000XmyAIAS","a2zDm000000TYaEIAW","a30Dm000000Xmy8IAC","a2yDm000000oRqxIAE"
"a2yDm000000oRqDIAU","005Dm000000nnayIAA","","OR-000172","2023-02-24T16:04:45.000Z","005Dm000000nnayIAA","2023-02-24T16:04:45.000Z","005Dm000000nnayIAA","","","","equal to","a30Dm000000XmyAIAS","a2zDm000000TYaGIAW","a30Dm000000XmyCIAS","a2yDm000000oRqyIAE"
"a2yDm000000oRqEIAU","005Dm000000nnayIAA","","OR-000174","2023-02-24T16:04:45.000Z","005Dm000000nnayIAA","2023-02-24T16:04:45.000Z","005Dm000000nnayIAA","","","","equal to","a30Dm000000XmyEIAS","a2zDm000000TYaIIAW","a30Dm000000XmyDIAS","42065070763544206"
"a2yDm000000oRqFIAU","005Dm000000nnayIAA","","OR-000173","2023-02-24T16:04:45.000Z","005Dm000000nnayIAA","2023-02-24T16:04:45.000Z","005Dm000000nnayIAA","","","","equal to","a30Dm000000XmyAIAS","a2zDm000000TYaIIAW","a30Dm000000XmyDIAS","42902124794470674"
"a2yDm000000oRqGIAU","005Dm000000nnayIAA","","OR-000176","2023-02-24T16:04:45.000Z","005Dm000000nnayIAA","2023-02-24T16:04:45.000Z","005Dm000000nnayIAA","","","","equal to","a30Dm000000XmyEIAS","a2zDm000000TYaIIAW","a30Dm000000XmyDIAS","42614734659258523"
"a2yDm000000oRqHIAU","005Dm000000nnayIAA","","OR-000175","2023-02-24T16:04:45.000Z","005Dm000000nnayIAA","2023-02-24T16:04:45.000Z","005Dm000000nnayIAA","","","","equal to","a30Dm000000XmyAIAS","a2zDm000000TYaIIAW","a30Dm000000XmyDIAS","42104740385859730"
