"Id","IsDeleted","Name","CreatedDate","CreatedById","LastModifiedDate","LastModifiedById","SystemModstamp","ConnectionReceivedId","ConnectionSentId","LLC_BI__CFG_ConfigKeys__c","LLC_BI__CFG_ConfigValue__c","LLC_BI__Product_Type__c","LLC_BI__lookupKey__c","LLC_BI__Product__c","LLC_BI__sObject_Type__c"
"a0CDm000000kMsFMAU","","CFG-CKJ00014849","2023-02-24T16:04:45.000Z","005Dm000000nnayIAA","2023-02-24T16:04:45.000Z","005Dm000000nnayIAA","","","","a0DDm000000gieWMAQ","a0EDm000000dJlbMAE","","a0CDm000000kMtvMAE","",""
"a0CDm000000kMsGMAU","","CFG-CKJ00014850","2023-02-24T16:04:45.000Z","005Dm000000nnayIAA","2023-02-24T16:04:45.000Z","005Dm000000nnayIAA","","","","a0DDm000000gieWMAQ","a0EDm000000dJlZMAU","","a0CDm000000kMtwMAE","",""
"a0CDm000000kMsHMAU","","CFG-CKJ00014851","2023-02-24T16:04:45.000Z","005Dm000000nnayIAA","2023-02-24T16:04:45.000Z","005Dm000000nnayIAA","","","","a0DDm000000gieWMAQ","a0EDm000000dJlaMAE","","a0CDm000000kMtxMAE","",""
"a0CDm000000kMsIMAU","","CFG-CKJ00014852","2023-02-24T16:04:45.000Z","005Dm000000nnayIAA","2023-02-24T16:04:45.000Z","005Dm000000nnayIAA","","","","a0DDm000000gieWMAQ","a0EDm000000dJlQMAU","","a0CDm000000kMtyMAE","",""
"a0CDm000000kMsJMAU","","CFG-CKJ00014853","2023-02-24T16:04:45.000Z","005Dm000000nnayIAA","2023-02-24T16:04:45.000Z","005Dm000000nnayIAA","","","","a0DDm000000gieWMAQ","a0EDm000000dJlYMAU","","a0CDm000000kMtzMAE","",""
"a0CDm000000kMsKMAU","","CFG-CKJ00014854","2023-02-24T16:04:45.000Z","005Dm000000nnayIAA","2023-02-24T16:04:45.000Z","005Dm000000nnayIAA","","","","a0DDm000000gieWMAQ","a0EDm000000dJlXMAU","","a0CDm000000kMu0MAE","",""
"a0CDm000000kMsLMAU","","CFG-CKJ00014855","2023-02-24T16:04:45.000Z","005Dm000000nnayIAA","2023-02-24T16:04:45.000Z","005Dm000000nnayIAA","","","","a0DDm000000gieXMAQ","a0EDm000000dJlbMAE","","a0CDm000000kMu1MAE","",""
"a0CDm000000kMsMMAU","","CFG-CKJ00014856","2023-02-24T16:04:45.000Z","005Dm000000nnayIAA","2023-02-24T16:04:45.000Z","005Dm000000nnayIAA","","","","a0DDm000000gieXMAQ","a0EDm000000dJlZMAU","","a0CDm000000kMu2MAE","",""
"a0CDm000000kMsNMAU","","CFG-CKJ00014857","2023-02-24T16:04:45.000Z","005Dm000000nnayIAA","2023-02-24T16:04:45.000Z","005Dm000000nnayIAA","","","","a0DDm000000gieXMAQ","a0EDm000000dJlaMAE","","a0CDm000000kMu4MAE","",""
"a0CDm000000kMsOMAU","","CFG-CKJ00014858","2023-02-24T16:04:45.000Z","005Dm000000nnayIAA","2023-02-24T16:04:45.000Z","005Dm000000nnayIAA","","","","a0DDm000000gieXMAQ","a0EDm000000dJlQMAU","","a0CDm000000kMu5MAE","",""
"a0CDm000000kMsPMAU","","CFG-CKJ00014859","2023-02-24T16:04:45.000Z","005Dm000000nnayIAA","2023-02-24T16:04:45.000Z","005Dm000000nnayIAA","","","","a0DDm000000gieXMAQ","a0EDm000000dJlYMAU","","a0CDm000000kMu6MAE","",""
"a0CDm000000kMsQMAU","","CFG-CKJ00014860","2023-02-24T16:04:45.000Z","005Dm000000nnayIAA","2023-02-24T16:04:45.000Z","005Dm000000nnayIAA","","","","a0DDm000000gieXMAQ","a0EDm000000dJlXMAU","","a0CDm000000kMu3MAE","",""
"a0CDm000000kMsRMAU","","CFG-CKJ00014861","2023-02-24T16:04:45.000Z","005Dm000000nnayIAA","2023-02-24T16:04:45.000Z","005Dm000000nnayIAA","","","","a0DDm000000gieYMAQ","a0EDm000000dJlbMAE","","a0CDm000000kMu7MAE","",""
"a0CDm000000kMsSMAU","","CFG-CKJ00014862","2023-02-24T16:04:45.000Z","005Dm000000nnayIAA","2023-02-24T16:04:45.000Z","005Dm000000nnayIAA","","","","a0DDm000000gieYMAQ","a0EDm000000dJlZMAU","","a0CDm000000kMu8MAE","",""
"a0CDm000000kMsTMAU","","CFG-CKJ00014864","2023-02-24T16:04:45.000Z","005Dm000000nnayIAA","2023-02-24T16:04:45.000Z","005Dm000000nnayIAA","","","","a0DDm000000gieYMAQ","a0EDm000000dJlQMAU","","a0CDm000000kMuAMAU","",""
"a0CDm000000kMsUMAU","","CFG-CKJ00014863","2023-02-24T16:04:45.000Z","005Dm000000nnayIAA","2023-02-24T16:04:45.000Z","005Dm000000nnayIAA","","","","a0DDm000000gieYMAQ","a0EDm000000dJlaMAE","","a0CDm000000kMu9MAE","",""
"a0CDm000000kMsVMAU","","CFG-CKJ00014865","2023-02-24T16:04:45.000Z","005Dm000000nnayIAA","2023-02-24T16:04:45.000Z","005Dm000000nnayIAA","","","","a0DDm000000gieYMAQ","a0EDm000000dJlYMAU","","a0CDm000000kMuBMAU","",""
"a0CDm000000kMsWMAU","","CFG-CKJ00014866","2023-02-24T16:04:45.000Z","005Dm000000nnayIAA","2023-02-24T16:04:45.000Z","005Dm000000nnayIAA","","","","a0DDm000000gieYMAQ","a0EDm000000dJlXMAU","","a0CDm000000kMuCMAU","",""
"a0CDm000000kMsXMAU","","CFG-CKJ00014867","2023-02-24T16:04:45.000Z","005Dm000000nnayIAA","2023-02-24T16:04:45.000Z","005Dm000000nnayIAA","","","","a0DDm000000giedMAA","a0EDm000000dJliMAE","","a0CDm000000kMuDMAU","",""
"a0CDm000000kMsYMAU","","CFG-CKJ00014868","2023-02-24T16:04:45.000Z","005Dm000000nnayIAA","2023-02-24T16:04:45.000Z","005Dm000000nnayIAA","","","","a0DDm000000giedMAA","a0EDm000000dJlfMAE","","a0CDm000000kMuEMAU","",""
"a0CDm000000kMsZMAU","","CFG-CKJ00014869","2023-02-24T16:04:45.000Z","005Dm000000nnayIAA","2023-02-24T16:04:45.000Z","005Dm000000nnayIAA","","","","a0DDm000000gieVMAQ","a0EDm000000dJlRMAU","","a0CDm000000kMuFMAU","",""
"a0CDm000000kMsaMAE","","CFG-CKJ00014870","2023-02-24T16:04:45.000Z","005Dm000000nnayIAA","2023-02-24T16:04:45.000Z","005Dm000000nnayIAA","","","","a0DDm000000gieZMAQ","a0EDm000000dJlPMAU","","a0CDm000000kMuGMAU","",""
"a0CDm000000kMsbMAE","","CFG-CKJ00014871","2023-02-24T16:04:45.000Z","005Dm000000nnayIAA","2023-02-24T16:04:45.000Z","005Dm000000nnayIAA","","","","a0DDm000000giebMAA","a0EDm000000dJlOMAU","","a0CDm000000kMuHMAU","",""
"a0CDm000000kMscMAE","","CFG-CKJ00014872","2023-02-24T16:04:45.000Z","005Dm000000nnayIAA","2023-02-24T16:04:45.000Z","005Dm000000nnayIAA","","","","a0DDm000000giebMAA","a0EDm000000dJlWMAU","","a0CDm000000kMuIMAU","",""
"a0CDm000000kMsdMAE","","CFG-CKJ00014873","2023-02-24T16:04:45.000Z","005Dm000000nnayIAA","2023-02-24T16:04:45.000Z","005Dm000000nnayIAA","","","","a0DDm000000giecMAA","a0EDm000000dJlSMAU","","a0CDm000000kMuJMAU","",""
"a0CDm000000kMseMAE","","CFG-CKJ00014874","2023-02-24T16:04:45.000Z","005Dm000000nnayIAA","2023-02-24T16:04:45.000Z","005Dm000000nnayIAA","","","","a0DDm000000gieeMAA","a0EDm000000dJlQMAU","","a0CDm000000kMuKMAU","",""
"a0CDm000000kMsfMAE","","CFG-CKJ00014875","2023-02-24T16:04:45.000Z","005Dm000000nnayIAA","2023-02-24T16:04:45.000Z","005Dm000000nnayIAA","","","","a0DDm000000gieaMAA","a0EDm000000dJlVMAU","","a0CDm000000kMuLMAU","",""
"a0CDm000000kMsgMAE","","CFG-CKJ00014876","2023-02-24T16:04:45.000Z","005Dm000000nnayIAA","2023-02-24T16:04:45.000Z","005Dm000000nnayIAA","","","","a0DDm000000giedMAA","a0EDm000000dJlcMAE","","a0CDm000000kMuMMAU","",""
"a0CDm000000kMshMAE","","CFG-CKJ00014877","2023-02-24T16:04:45.000Z","005Dm000000nnayIAA","2023-02-24T16:04:45.000Z","005Dm000000nnayIAA","","","","a0DDm000000giedMAA","a0EDm000000dJldMAE","","a0CDm000000kMuNMAU","",""
"a0CDm000000kMsiMAE","","CFG-CKJ00014878","2023-02-24T16:04:45.000Z","005Dm000000nnayIAA","2023-02-24T16:04:45.000Z","005Dm000000nnayIAA","","","","a0DDm000000giedMAA","a0EDm000000dJlkMAE","","a0CDm000000kMuOMAU","",""
"a0CDm000000kMsjMAE","","CFG-CKJ00014879","2023-02-24T16:04:45.000Z","005Dm000000nnayIAA","2023-02-24T16:04:45.000Z","005Dm000000nnayIAA","","","","a0DDm000000giedMAA","a0EDm000000dJlqMAE","","a0CDm000000kMuPMAU","",""
"a0CDm000000kMskMAE","","CFG-CKJ00014880","2023-02-24T16:04:45.000Z","005Dm000000nnayIAA","2023-02-24T16:04:45.000Z","005Dm000000nnayIAA","","","","a0DDm000000giedMAA","a0EDm000000dJleMAE","","a0CDm000000kMuQMAU","",""
"a0CDm000000kMslMAE","","CFG-CKJ00014882","2023-02-24T16:04:45.000Z","005Dm000000nnayIAA","2023-02-24T16:04:45.000Z","005Dm000000nnayIAA","","","","a0DDm000000giedMAA","a0EDm000000dJlUMAU","","a0CDm000000kMuRMAU","",""
"a0CDm000000kMsmMAE","","CFG-CKJ00014881","2023-02-24T16:04:45.000Z","005Dm000000nnayIAA","2023-02-24T16:04:45.000Z","005Dm000000nnayIAA","","","","a0DDm000000giedMAA","a0EDm000000dJlgMAE","","a0CDm000000kMuSMAU","",""
"a0CDm000000kMsnMAE","","CFG-CKJ00014884","2023-02-24T16:04:45.000Z","005Dm000000nnayIAA","2023-02-24T16:04:45.000Z","005Dm000000nnayIAA","","","","a0DDm000000giedMAA","a0EDm000000dJljMAE","","a0CDm000000kMuUMAU","",""
"a0CDm000000kMsoMAE","","CFG-CKJ00014883","2023-02-24T16:04:45.000Z","005Dm000000nnayIAA","2023-02-24T16:04:45.000Z","005Dm000000nnayIAA","","","","a0DDm000000giedMAA","a0EDm000000dJlhMAE","","a0CDm000000kMuTMAU","",""
"a0CDm000000kMspMAE","","CFG-CKJ00014885","2023-02-24T16:04:45.000Z","005Dm000000nnayIAA","2023-02-24T16:04:45.000Z","005Dm000000nnayIAA","","","","a0DDm000000giedMAA","a0EDm000000dJllMAE","","a0CDm000000kMuVMAU","",""
"a0CDm000000kMsqMAE","","CFG-CKJ00014886","2023-02-24T16:04:45.000Z","005Dm000000nnayIAA","2023-02-24T16:04:45.000Z","005Dm000000nnayIAA","","","","a0DDm000000giedMAA","a0EDm000000dJlTMAU","","a0CDm000000kMuWMAU","",""
"a0CDm000000kMsrMAE","","CFG-CKJ00014887","2023-02-24T16:04:45.000Z","005Dm000000nnayIAA","2023-02-24T16:04:45.000Z","005Dm000000nnayIAA","","","","a0DDm000000giedMAA","a0EDm000000dJlmMAE","","a0CDm000000kMuXMAU","",""
"a0CDm000000kMssMAE","","CFG-CKJ00014888","2023-02-24T16:04:45.000Z","005Dm000000nnayIAA","2023-02-24T16:04:45.000Z","005Dm000000nnayIAA","","","","a0DDm000000giedMAA","a0EDm000000dJlnMAE","","a0CDm000000kMuYMAU","",""
"a0CDm000000kMstMAE","","CFG-CKJ00014889","2023-02-24T16:04:45.000Z","005Dm000000nnayIAA","2023-02-24T16:04:45.000Z","005Dm000000nnayIAA","","","","a0DDm000000giedMAA","a0EDm000000dJloMAE","","a0CDm000000kMuZMAU","",""
"a0CDm000000kMsuMAE","","CFG-CKJ00014890","2023-02-24T16:04:45.000Z","005Dm000000nnayIAA","2023-02-24T16:04:45.000Z","005Dm000000nnayIAA","","","","a0DDm000000giedMAA","a0EDm000000dJlpMAE","","a0CDm000000kMuaMAE","",""
"a0CDm000000kMsvMAE","","CFG-CKJ00014891","2023-02-24T16:04:45.000Z","005Dm000000nnayIAA","2023-02-24T16:04:45.000Z","005Dm000000nnayIAA","","","","a0DDm000000giedMAA","a0EDm000000dJlrMAE","","a0CDm000000kMubMAE","",""
"a0CDm000000kMswMAE","","CFG-CKJ00014892","2023-02-24T16:04:45.000Z","005Dm000000nnayIAA","2023-02-24T16:04:45.000Z","005Dm000000nnayIAA","","","","a0DDm000000giedMAA","a0EDm000000dJlsMAE","","a0CDm000000kMucMAE","",""
"a0CDm000000kMsxMAE","","CFG-CKJ00014893","2023-02-24T16:04:45.000Z","005Dm000000nnayIAA","2023-02-24T16:04:45.000Z","005Dm000000nnayIAA","","","","a0DDm000000gieeMAA","a0EDm000000dJlbMAE","","a0CDm000000kMueMAE","",""
"a0CDm000000kMsyMAE","","CFG-CKJ00014894","2023-02-24T16:04:45.000Z","005Dm000000nnayIAA","2023-02-24T16:04:45.000Z","005Dm000000nnayIAA","","","","a0DDm000000gieeMAA","a0EDm000000dJlXMAU","","a0CDm000000kMufMAE","",""
"a0CDm000000kMszMAE","","CFG-CKJ00014895","2023-02-24T16:04:45.000Z","005Dm000000nnayIAA","2023-02-24T16:04:45.000Z","005Dm000000nnayIAA","","","","a0DDm000000gieeMAA","a0EDm000000dJlZMAU","","a0CDm000000kMugMAE","",""
"a0CDm000000kMt0MAE","","CFG-CKJ00014896","2023-02-24T16:04:45.000Z","005Dm000000nnayIAA","2023-02-24T16:04:45.000Z","005Dm000000nnayIAA","","","","a0DDm000000gieeMAA","a0EDm000000dJlaMAE","","a0CDm000000kMudMAE","",""
"a0CDm000000kMt1MAE","","CFG-CKJ00014897","2023-02-24T16:04:45.000Z","005Dm000000nnayIAA","2023-02-24T16:04:45.000Z","005Dm000000nnayIAA","","","","a0DDm000000gieeMAA","a0EDm000000dJlYMAU","","a0CDm000000kMuhMAE","",""
"a0CDm000000kMt2MAE","","CFG-CKJ00014898","2023-02-24T16:04:45.000Z","005Dm000000nnayIAA","2023-02-24T16:04:45.000Z","005Dm000000nnayIAA","","","","a0DDm000000giedMAA","a0EDm000000dJlYMAU","","a0CDm000000kMuiMAE","",""
"a0CDm000000kMt3MAE","","CFG-CKJ00014899","2023-02-24T16:04:45.000Z","005Dm000000nnayIAA","2023-02-24T16:04:45.000Z","005Dm000000nnayIAA","","","","a0DDm000000giedMAA","a0EDm000000dJltMAE","","a0CDm000000kMujMAE","",""
"a0CDm000000kMt4MAE","","CFG-CKJ00014900","2023-02-24T16:04:45.000Z","005Dm000000nnayIAA","2023-02-24T16:04:45.000Z","005Dm000000nnayIAA","","","","a0DDm000000gieeMAA","a0EDm000000dJlyMAE","","a0CDm000000kMukMAE","",""
"a0CDm000000kMt5MAE","","CFG-CKJ00014901","2023-02-24T16:04:45.000Z","005Dm000000nnayIAA","2023-02-24T16:04:45.000Z","005Dm000000nnayIAA","","","","a0DDm000000gieeMAA","a0EDm000000dJlxMAE","","a0CDm000000kMulMAE","",""
"a0CDm000000kMt6MAE","","CFG-CKJ00014902","2023-02-24T16:04:45.000Z","005Dm000000nnayIAA","2023-02-24T16:04:45.000Z","005Dm000000nnayIAA","","","","a0DDm000000gieeMAA","a0EDm000000dJlOMAU","","a0CDm000000kMumMAE","",""
"a0CDm000000kMt7MAE","","CFG-CKJ00014903","2023-02-24T16:04:45.000Z","005Dm000000nnayIAA","2023-02-24T16:04:45.000Z","005Dm000000nnayIAA","","","","a0DDm000000giegMAA","a0EDm000000dJm1MAE","","42988421999524117","",""
"a0CDm000000kMt8MAE","","CFG-CKJ00014904","2023-02-24T16:04:45.000Z","005Dm000000nnayIAA","2023-02-24T16:04:45.000Z","005Dm000000nnayIAA","","","","a0DDm000000giegMAA","a0EDm000000dJm4MAE","","42577709263807674","",""
"a0CDm000000kMt9MAE","","CFG-CKJ00014905","2023-02-24T16:04:45.000Z","005Dm000000nnayIAA","2023-02-24T16:04:45.000Z","005Dm000000nnayIAA","","","","a0DDm000000giegMAA","a0EDm000000dJm2MAE","","4286973927783763","",""
"a0CDm000000kMtAMAU","","CFG-CKJ00014906","2023-02-24T16:04:45.000Z","005Dm000000nnayIAA","2023-02-24T16:04:45.000Z","005Dm000000nnayIAA","","","","a0DDm000000giegMAA","a0EDm000000dJlzMAE","","42291711167185889","",""
"a0CDm000000kMtBMAU","","CFG-CKJ00014907","2023-02-24T16:04:45.000Z","005Dm000000nnayIAA","2023-02-24T16:04:45.000Z","005Dm000000nnayIAA","","","","a0DDm000000giegMAA","a0EDm000000dJm0MAE","","42718785798059149","",""
"a0CDm000000kMtCMAU","","CFG-CKJ00014908","2023-02-24T16:04:45.000Z","005Dm000000nnayIAA","2023-02-24T16:04:45.000Z","005Dm000000nnayIAA","","","","a0DDm000000giefMAA","a0EDm000000dJm0MAE","","42158100700391656","",""
"a0CDm000000kMtDMAU","","CFG-CKJ00014909","2023-02-24T16:04:45.000Z","005Dm000000nnayIAA","2023-02-24T16:04:45.000Z","005Dm000000nnayIAA","","","","a0DDm000000giegMAA","a0EDm000000dJm5MAE","","42503209135713425","",""
"a0CDm000000kMtEMAU","","CFG-CKJ00014910","2023-02-24T16:04:45.000Z","005Dm000000nnayIAA","2023-02-24T16:04:45.000Z","005Dm000000nnayIAA","","","","a0DDm000000giegMAA","a0EDm000000dJm6MAE","","42408619333718682","",""
"a0CDm000000kMtFMAU","","CFG-CKJ00014911","2023-02-24T16:04:45.000Z","005Dm000000nnayIAA","2023-02-24T16:04:45.000Z","005Dm000000nnayIAA","","","","a0DDm000000giefMAA","a0EDm000000dJm1MAE","","42823757296074598","",""
"a0CDm000000kMtGMAU","","CFG-CKJ00014912","2023-02-24T16:04:45.000Z","005Dm000000nnayIAA","2023-02-24T16:04:45.000Z","005Dm000000nnayIAA","","","","a0DDm000000giefMAA","a0EDm000000dJm4MAE","","42589139660377151","",""
"a0CDm000000kMtHMAU","","CFG-CKJ00014913","2023-02-24T16:04:45.000Z","005Dm000000nnayIAA","2023-02-24T16:04:45.000Z","005Dm000000nnayIAA","","","","a0DDm000000giefMAA","a0EDm000000dJm5MAE","","42068200496914160","",""
"a0CDm000000kMtIMAU","","CFG-CKJ00014914","2023-02-24T16:04:45.000Z","005Dm000000nnayIAA","2023-02-24T16:04:45.000Z","005Dm000000nnayIAA","","","","a0DDm000000giefMAA","a0EDm000000dJm6MAE","","42207250184934712","",""
"a0CDm000000kMtJMAU","","CFG-CKJ00014915","2023-02-24T16:04:45.000Z","005Dm000000nnayIAA","2023-02-24T16:04:45.000Z","005Dm000000nnayIAA","","","","a0DDm000000giefMAA","a0EDm000000dJm7MAE","","42870613620746024","",""
"a0CDm000000kMtKMAU","","CFG-CKJ00014916","2023-02-24T16:04:45.000Z","005Dm000000nnayIAA","2023-02-24T16:04:45.000Z","005Dm000000nnayIAA","","","","a0DDm000000giegMAA","a0EDm000000dJm7MAE","","42422773577850113","",""
"a0CDm000000kMtLMAU","","CFG-CKJ00014917","2023-02-24T16:04:45.000Z","005Dm000000nnayIAA","2023-02-24T16:04:45.000Z","005Dm000000nnayIAA","","","","a0DDm000000giefMAA","a0EDm000000dJm8MAE","","42221483213783640","",""
"a0CDm000000kMtMMAU","","CFG-CKJ00014918","2023-02-24T16:04:45.000Z","005Dm000000nnayIAA","2023-02-24T16:04:45.000Z","005Dm000000nnayIAA","","","","a0DDm000000giegMAA","a0EDm000000dJm8MAE","","42966708634210573","",""
"a0CDm000000kMtNMAU","","CFG-CKJ00014919","2023-02-24T16:04:45.000Z","005Dm000000nnayIAA","2023-02-24T16:04:45.000Z","005Dm000000nnayIAA","","","","a0DDm000000giegMAA","a0EDm000000dJmAMAU","","42309899891472075","",""
"a0CDm000000kMtOMAU","","CFG-CKJ00014920","2023-02-24T16:04:45.000Z","005Dm000000nnayIAA","2023-02-24T16:04:45.000Z","005Dm000000nnayIAA","","","","a0DDm000000giefMAA","a0EDm000000dJmBMAU","","42847707385226596","",""
"a0CDm000000kMtPMAU","","CFG-CKJ00014921","2023-02-24T16:04:45.000Z","005Dm000000nnayIAA","2023-02-24T16:04:45.000Z","005Dm000000nnayIAA","","","","a0DDm000000giefMAA","a0EDm000000dJmCMAU","","42052270018555007","",""
"a0CDm000000kMtQMAU","","CFG-CKJ00014923","2023-02-24T16:04:45.000Z","005Dm000000nnayIAA","2023-02-24T16:04:45.000Z","005Dm000000nnayIAA","","","","a0DDm000000giehMAA","a0EDm000000dJm0MAE","","42531921149681515","",""
"a0CDm000000kMtRMAU","","CFG-CKJ00014922","2023-02-24T16:04:45.000Z","005Dm000000nnayIAA","2023-02-24T16:04:45.000Z","005Dm000000nnayIAA","","","","a0DDm000000giefMAA","a0EDm000000dJm9MAE","","42387079547967420","",""
"a0CDm000000kMtSMAU","","CFG-CKJ00014924","2023-02-24T16:04:45.000Z","005Dm000000nnayIAA","2023-02-24T16:04:45.000Z","005Dm000000nnayIAA","","","","a0DDm000000giehMAA","a0EDm000000dJm1MAE","","42026650481773982","",""
"a0CDm000000kMtTMAU","","CFG-CKJ00014925","2023-02-24T16:04:45.000Z","005Dm000000nnayIAA","2023-02-24T16:04:45.000Z","005Dm000000nnayIAA","","","","a0DDm000000giehMAA","a0EDm000000dJm4MAE","","42144169869546434","",""
"a0CDm000000kMtUMAU","","CFG-CKJ00014926","2023-02-24T16:04:45.000Z","005Dm000000nnayIAA","2023-02-24T16:04:45.000Z","005Dm000000nnayIAA","","","","a0DDm000000giehMAA","a0EDm000000dJm5MAE","","42230994298756200","",""
"a0CDm000000kMtVMAU","","CFG-CKJ00014927","2023-02-24T16:04:45.000Z","005Dm000000nnayIAA","2023-02-24T16:04:45.000Z","005Dm000000nnayIAA","","","","a0DDm000000giehMAA","a0EDm000000dJm6MAE","","42777427956700941","",""
"a0CDm000000kMtWMAU","","CFG-CKJ00014928","2023-02-24T16:04:45.000Z","005Dm000000nnayIAA","2023-02-24T16:04:45.000Z","005Dm000000nnayIAA","","","","a0DDm000000giehMAA","a0EDm000000dJm7MAE","","42858042697347907","",""
"a0CDm000000kMtXMAU","","CFG-CKJ00014929","2023-02-24T16:04:45.000Z","005Dm000000nnayIAA","2023-02-24T16:04:45.000Z","005Dm000000nnayIAA","","","","a0DDm000000giehMAA","a0EDm000000dJm8MAE","","42009698359266972","",""
"a0CDm000000kMtYMAU","","CFG-CKJ00014930","2023-02-24T16:04:45.000Z","005Dm000000nnayIAA","2023-02-24T16:04:45.000Z","005Dm000000nnayIAA","","","","a0DDm000000giehMAA","a0EDm000000dJmBMAU","","42102552367986118","",""
"a0CDm000000kMtZMAU","","CFG-CKJ00014931","2023-02-24T16:04:45.000Z","005Dm000000nnayIAA","2023-02-24T16:04:45.000Z","005Dm000000nnayIAA","","","","a0DDm000000giehMAA","a0EDm000000dJmCMAU","","42277772545589524","",""
"a0CDm000000kMtaMAE","","CFG-CKJ00014932","2023-02-24T16:04:45.000Z","005Dm000000nnayIAA","2023-02-24T16:04:45.000Z","005Dm000000nnayIAA","","","","a0DDm000000giehMAA","a0EDm000000dJm9MAE","","42303966782514298","",""
"a0CDm000000kMtbMAE","","CFG-CKJ00014933","2023-02-24T16:04:45.000Z","005Dm000000nnayIAA","2023-02-24T16:04:45.000Z","005Dm000000nnayIAA","","","","a0DDm000000gieiMAA","a0EDm000000dJm0MAE","","42213627443279410","",""
"a0CDm000000kMtcMAE","","CFG-CKJ00014934","2023-02-24T16:04:45.000Z","005Dm000000nnayIAA","2023-02-24T16:04:45.000Z","005Dm000000nnayIAA","","","","a0DDm000000gieiMAA","a0EDm000000dJm1MAE","","42918496076852158","",""
"a0CDm000000kMtdMAE","","CFG-CKJ00014935","2023-02-24T16:04:45.000Z","005Dm000000nnayIAA","2023-02-24T16:04:45.000Z","005Dm000000nnayIAA","","","","a0DDm000000gieiMAA","a0EDm000000dJm4MAE","","42071174774357513","",""
"a0CDm000000kMteMAE","","CFG-CKJ00014936","2023-02-24T16:04:45.000Z","005Dm000000nnayIAA","2023-02-24T16:04:45.000Z","005Dm000000nnayIAA","","","","a0DDm000000gieiMAA","a0EDm000000dJm5MAE","","42374492999899467","",""
"a0CDm000000kMtfMAE","","CFG-CKJ00014937","2023-02-24T16:04:45.000Z","005Dm000000nnayIAA","2023-02-24T16:04:45.000Z","005Dm000000nnayIAA","","","","a0DDm000000gieiMAA","a0EDm000000dJm6MAE","","42980992076349868","",""
"a0CDm000000kMtgMAE","","CFG-CKJ00014938","2023-02-24T16:04:45.000Z","005Dm000000nnayIAA","2023-02-24T16:04:45.000Z","005Dm000000nnayIAA","","","","a0DDm000000gieiMAA","a0EDm000000dJm7MAE","","42092876895874880","",""
"a0CDm000000kMthMAE","","CFG-CKJ00014939","2023-02-24T16:04:45.000Z","005Dm000000nnayIAA","2023-02-24T16:04:45.000Z","005Dm000000nnayIAA","","","","a0DDm000000gieiMAA","a0EDm000000dJm8MAE","","42401772020420036","",""
"a0CDm000000kMtiMAE","","CFG-CKJ00014941","2023-02-24T16:04:45.000Z","005Dm000000nnayIAA","2023-02-24T16:04:45.000Z","005Dm000000nnayIAA","","","","a0DDm000000gieiMAA","a0EDm000000dJmCMAU","","42396324510821984","",""
"a0CDm000000kMtjMAE","","CFG-CKJ00014940","2023-02-24T16:04:45.000Z","005Dm000000nnayIAA","2023-02-24T16:04:45.000Z","005Dm000000nnayIAA","","","","a0DDm000000gieiMAA","a0EDm000000dJmBMAU","","42855392953985720","",""
"a0CDm000000kMtkMAE","","CFG-CKJ00014942","2023-02-24T16:04:45.000Z","005Dm000000nnayIAA","2023-02-24T16:04:45.000Z","005Dm000000nnayIAA","","","","a0DDm000000gieiMAA","a0EDm000000dJm9MAE","","42199804981675625","",""
"a0CDm000000kMtlMAE","","CFG-CKJ00014943","2023-02-24T16:04:45.000Z","005Dm000000nnayIAA","2023-02-24T16:04:45.000Z","005Dm000000nnayIAA","","","","a0DDm000000giejMAA","a0EDm000000dJm0MAE","","42029281540716260","",""
"a0CDm000000kMtmMAE","","CFG-CKJ00014944","2023-02-24T16:04:45.000Z","005Dm000000nnayIAA","2023-02-24T16:04:45.000Z","005Dm000000nnayIAA","","","","a0DDm000000giejMAA","a0EDm000000dJm1MAE","","42246496149618254","",""
"a0CDm000000kMtnMAE","","CFG-CKJ00014945","2023-02-24T16:04:45.000Z","005Dm000000nnayIAA","2023-02-24T16:04:45.000Z","005Dm000000nnayIAA","","","","a0DDm000000giejMAA","a0EDm000000dJm4MAE","","42311038581712896","",""
"a0CDm000000kMtoMAE","","CFG-CKJ00014946","2023-02-24T16:04:45.000Z","005Dm000000nnayIAA","2023-02-24T16:04:45.000Z","005Dm000000nnayIAA","","","","a0DDm000000giejMAA","a0EDm000000dJm5MAE","","42839807620270760","",""
"a0CDm000000kMtpMAE","","CFG-CKJ00014947","2023-02-24T16:04:45.000Z","005Dm000000nnayIAA","2023-02-24T16:04:45.000Z","005Dm000000nnayIAA","","","","a0DDm000000giejMAA","a0EDm000000dJm6MAE","","4226139674781753","",""
"a0CDm000000kMtqMAE","","CFG-CKJ00014948","2023-02-24T16:04:45.000Z","005Dm000000nnayIAA","2023-02-24T16:04:45.000Z","005Dm000000nnayIAA","","","","a0DDm000000giejMAA","a0EDm000000dJm7MAE","","42784817488010564","",""
"a0CDm000000kMtrMAE","","CFG-CKJ00014949","2023-02-24T16:04:45.000Z","005Dm000000nnayIAA","2023-02-24T16:04:45.000Z","005Dm000000nnayIAA","","","","a0DDm000000giejMAA","a0EDm000000dJm8MAE","","42165945388551663","",""
"a0CDm000000kMtsMAE","","CFG-CKJ00014950","2023-02-24T16:04:45.000Z","005Dm000000nnayIAA","2023-02-24T16:04:45.000Z","005Dm000000nnayIAA","","","","a0DDm000000giejMAA","a0EDm000000dJmBMAU","","42331818602002844","",""
"a0CDm000000kMttMAE","","CFG-CKJ00014952","2023-02-24T16:04:45.000Z","005Dm000000nnayIAA","2023-02-24T16:04:45.000Z","005Dm000000nnayIAA","","","","a0DDm000000giejMAA","a0EDm000000dJm9MAE","","42602779552133777","",""
"a0CDm000000kMtuMAE","","CFG-CKJ00014951","2023-02-24T16:04:45.000Z","005Dm000000nnayIAA","2023-02-24T16:04:45.000Z","005Dm000000nnayIAA","","","","a0DDm000000giejMAA","a0EDm000000dJmCMAU","","42293175822135847","",""
