"Id","OwnerId","IsDeleted","Name","CreatedDate","CreatedById","LastModifiedDate","LastModifiedById","SystemModstamp","LastViewedDate","LastReferencedDate","ConnectionReceivedId","ConnectionSentId","LLC_BI__Id_Document_Requirement__c","LLC_BI__Screen_Section__c","LLC_BI__Agency__c","LLC_BI__Display_Order__c","LLC_BI__External_Id_Document_Name__c","LLC_BI__ID_Document_Category__c","LLC_BI__ID_Document_Sides__c","LLC_BI__Id_Document_Image_Back__c","LLC_BI__Id_Document_Image_Front__c","LLC_BI__Is_Portal_Enabled__c","LLC_BI__Quick_Tips__c","LLC_BI__Placeholder_Name__c","LLC_BI__lookupKey__c"
"a3BDm000000TRloMAG","005Dm000000nnayIAA","","Drivers License","2023-02-24T16:04:45.000Z","005Dm000000nnayIAA","2023-02-24T16:04:45.000Z","005Dm000000nnayIAA","","","","","","a3ADm000001LxKKMA0","a2FDm000000HEN7MAO","","","","","","","","false","","","a3Bi0000000g06JEAQ1"
"a3BDm000000TRlpMAG","005Dm000000nnayIAA","","State Issued Id","2023-02-24T16:04:45.000Z","005Dm000000nnayIAA","2023-02-24T16:04:45.000Z","005Dm000000nnayIAA","","","","","","a3ADm000001LxKKMA0","a2FDm000000HENDMA4","","","","","","","","false","","","a3Bi0000000g06MEAQ4"
"a3BDm000000TRlqMAG","005Dm000000nnayIAA","","Passport","2023-02-24T16:04:45.000Z","005Dm000000nnayIAA","2023-02-24T16:04:45.000Z","005Dm000000nnayIAA","","","","","","a3ADm000001LxKKMA0","a2FDm000000HENAMA4","","","","","","","","false","","","a3Bi0000000g06KEAQ2"
"a3BDm000000TRlrMAG","005Dm000000nnayIAA","","US Military ID Card","2023-02-24T16:04:45.000Z","005Dm000000nnayIAA","2023-02-24T16:04:45.000Z","005Dm000000nnayIAA","","","","","","a3ADm000001LxKKMA0","a2FDm000000HENGMA4","","","","","","","","false","","","a3Bi0000000g06LEAQ3"
"a3BDm000000TRlsMAG","005Dm000000nnayIAA","","US Visa","2023-02-24T16:04:45.000Z","005Dm000000nnayIAA","2023-02-24T16:04:45.000Z","005Dm000000nnayIAA","","","","","","a3ADm000001LxKKMA0","a2FDm000000HENJMA4","","","","","","","","false","","","a3Bi0000000g06NEAQ5"
"a3BDm000000TRltMAG","005Dm000000nnayIAA","","Matricular Consular","2023-02-24T16:04:45.000Z","005Dm000000nnayIAA","2023-02-24T16:04:45.000Z","005Dm000000nnayIAA","","","","","","a3ADm000001LxKKMA0","a2FDm000000HEN8MAO","","","","","","","","false","","","a3Bi0000000g06OEAQ6"
"a3BDm000000TRluMAG","005Dm000000nnayIAA","","Alien Registration Card","2023-02-24T16:04:45.000Z","005Dm000000nnayIAA","2023-02-24T16:04:45.000Z","005Dm000000nnayIAA","","","","","","a3ADm000001LxKKMA0","a2FDm000000HEAdMAO","","","","","","","","false","","","a3Bi0000000g06PEAQ7"
"a3BDm000000TRlvMAG","005Dm000000nnayIAA","","US Permanent Resident Card","2023-02-24T16:04:45.000Z","005Dm000000nnayIAA","2023-02-24T16:04:45.000Z","005Dm000000nnayIAA","","","","","","a3ADm000001LxKKMA0","a2FDm000000HENHMA4","","","","","","","","false","","","a3Bi0000000g06QEAQ8"
"a3BDm000000TRlwMAG","005Dm000000nnayIAA","","US Temporary Resident Card","2023-02-24T16:04:45.000Z","005Dm000000nnayIAA","2023-02-24T16:04:45.000Z","005Dm000000nnayIAA","","","","","","a3ADm000001LxKKMA0","a2FDm000000HENIMA4","","","","","","","","false","","","a3Bi0000000g06REAQ9"
"a3BDm000000TRlxMAG","005Dm000000nnayIAA","","Business License","2023-02-24T16:04:45.000Z","005Dm000000nnayIAA","2023-02-24T16:04:45.000Z","005Dm000000nnayIAA","","","","","","a3ADm000001LxKLMA0","a2FDm000000HEN2MAO","","","","","","","","false","","","a3Bi0000000g06SEAQ10"
"a3BDm000000TRlyMAG","005Dm000000nnayIAA","","DBA Registration","2023-02-24T16:04:45.000Z","005Dm000000nnayIAA","2023-02-24T16:04:45.000Z","005Dm000000nnayIAA","","","","","","a3ADm000001LxKLMA0","a2FDm000000HEN6MAO","","","","","","","","false","","","a3Bi0000000g06TEAQ11"
"a3BDm000000TRlzMAG","005Dm000000nnayIAA","","Partnership Agreement","2023-02-24T16:04:45.000Z","005Dm000000nnayIAA","2023-02-24T16:04:45.000Z","005Dm000000nnayIAA","","","","","","a3ADm000001LxKMMA0","a2FDm000000HEN9MAO","","","","","","","","false","","","a3Bi0000000g06UEAQ12"
"a3BDm000000TRm0MAG","005Dm000000nnayIAA","","Certificate of Partnership","2023-02-24T16:04:45.000Z","005Dm000000nnayIAA","2023-02-24T16:04:45.000Z","005Dm000000nnayIAA","","","","","","a3ADm000001LxKMMA0","a2FDm000000HEN4MAO","","","","","","","","false","","","a3Bi0000000g06WEAQ14"
"a3BDm000000TRm1MAG","005Dm000000nnayIAA","","Certificate of Existence","2023-02-24T16:04:45.000Z","005Dm000000nnayIAA","2023-02-24T16:04:45.000Z","005Dm000000nnayIAA","","","","","","a3ADm000001LxKMMA0","a2FDm000000HEN3MAO","","","","","","","","false","","","a3Bi0000000g06VEAQ13"
"a3BDm000000TRm2MAG","005Dm000000nnayIAA","","Registration of Partnership","2023-02-24T16:04:45.000Z","005Dm000000nnayIAA","2023-02-24T16:04:45.000Z","005Dm000000nnayIAA","","","","","","a3ADm000001LxKMMA0","a2FDm000000HENBMA4","","","","","","","","false","","","a3Bi0000000g06XEAQ15"
"a3BDm000000TRm3MAG","005Dm000000nnayIAA","","Partnership Agreement","2023-02-24T16:04:45.000Z","005Dm000000nnayIAA","2023-02-24T16:04:45.000Z","005Dm000000nnayIAA","","","","","","a3ADm000001LxKNMA0","a2FDm000000HEN9MAO","","","","","","","","false","","","a3Bi0000000g06YEAQ16"
"a3BDm000000TRm4MAG","005Dm000000nnayIAA","","Certificate of Existence","2023-02-24T16:04:45.000Z","005Dm000000nnayIAA","2023-02-24T16:04:45.000Z","005Dm000000nnayIAA","","","","","","a3ADm000001LxKNMA0","a2FDm000000HEN3MAO","","","","","","","","false","","","a3Bi0000000g06ZEAQ17"
"a3BDm000000TRm5MAG","005Dm000000nnayIAA","","Certificate of Partnership","2023-02-24T16:04:45.000Z","005Dm000000nnayIAA","2023-02-24T16:04:45.000Z","005Dm000000nnayIAA","","","","","","a3ADm000001LxKNMA0","a2FDm000000HEN4MAO","","","","","","","","false","","","a3Bi0000000g06aEAA18"
"a3BDm000000TRm6MAG","005Dm000000nnayIAA","","Registration of Partnership","2023-02-24T16:04:45.000Z","005Dm000000nnayIAA","2023-02-24T16:04:45.000Z","005Dm000000nnayIAA","","","","","","a3ADm000001LxKNMA0","a2FDm000000HENBMA4","","","","","","","","false","","","a3Bi0000000g06bEAA19"
"a3BDm000000TRm7MAG","005Dm000000nnayIAA","","Articles of Incorporation","2023-02-24T16:04:45.000Z","005Dm000000nnayIAA","2023-02-24T16:04:45.000Z","005Dm000000nnayIAA","","","","","","a3ADm000001LxKOMA0","a2FDm000000HEN0MAO","","","","","","","","false","","","a3Bi0000000g06cEAA20"
"a3BDm000000TRm8MAG","005Dm000000nnayIAA","","Secretary of State Good Standing","2023-02-24T16:04:45.000Z","005Dm000000nnayIAA","2023-02-24T16:04:45.000Z","005Dm000000nnayIAA","","","","","","a3ADm000001LxKOMA0","a2FDm000000HENCMA4","","","","","","","","false","","","a3Bi0000000g06dEAA21"
"a3BDm000000TRm9MAG","005Dm000000nnayIAA","","Articles of Organization","2023-02-24T16:04:45.000Z","005Dm000000nnayIAA","2023-02-24T16:04:45.000Z","005Dm000000nnayIAA","","","","","","a3ADm000001LxKPMA0","a2FDm000000HEN1MAO","","","","","","","","false","","","a3Bi0000000g06eEAA22"
"a3BDm000000TRmAMAW","005Dm000000nnayIAA","","Trust Agreement","2023-02-24T16:04:45.000Z","005Dm000000nnayIAA","2023-02-24T16:04:45.000Z","005Dm000000nnayIAA","","","","","","a3ADm000001LxKQMA0","a2FDm000000HENFMA4","","","","","","","","false","","","a3Bi0000000g06fEAA23"
"a3BDm000000TRmBMAW","005Dm000000nnayIAA","","Court Order for Estate","2023-02-24T16:04:45.000Z","005Dm000000nnayIAA","2023-02-24T16:04:45.000Z","005Dm000000nnayIAA","","","","","","a3ADm000001LxKRMA0","a2FDm000000HEN5MAO","","","","","","","","false","","","a3Bi0000000g06gEAA24"
"a3BDm000000TRmCMAW","005Dm000000nnayIAA","","Tax Exempt status from IRS","2023-02-24T16:04:45.000Z","005Dm000000nnayIAA","2023-02-24T16:04:45.000Z","005Dm000000nnayIAA","","","","","","a3ADm000001LxKSMA0","a2FDm000000HENEMA4","","","","","","","","false","","","a3Bi0000000g06hEAA25"
