"Id","OwnerId","IsDeleted","Name","CreatedDate","CreatedById","LastModifiedDate","LastModifiedById","SystemModstamp","ConnectionReceivedId","ConnectionSentId","LLC_BI__Category__c","LLC_BI__lookupKey__c"
"a3YDm000000Gu7IMAS","005Dm000000nnayIAA","","Deferred Taxes","2023-02-24T16:04:45.000Z","005Dm000000nnayIAA","2023-02-24T16:04:45.000Z","005Dm000000nnayIAA","","","","RMA Benchmarking","deferred_taxes"
"a3YDm000000Gu7JMAS","005Dm000000nnayIAA","","Deferred Income Tax - LTP","2023-02-24T16:04:45.000Z","005Dm000000nnayIAA","2023-02-24T16:04:45.000Z","005Dm000000nnayIAA","","","","Accounting Grid (Balance Sheet)","Deferred_Income_Tax_LTP_ACCTGRD"
"a3YDm000000Gu7KMAS","005Dm000000nnayIAA","","Due to Related Co LT","2023-02-24T16:04:45.000Z","005Dm000000nnayIAA","2023-02-24T16:04:45.000Z","005Dm000000nnayIAA","","","","Accounting Grid (Balance Sheet)","Due_to_Related_Co_LT_ACCTGRD"
"a3YDm000000Gu7LMAS","005Dm000000nnayIAA","","Other Non-current Liabilities","2023-02-24T16:04:45.000Z","005Dm000000nnayIAA","2023-02-24T16:04:45.000Z","005Dm000000nnayIAA","","","","RMA Benchmarking","other_non_current_liabilities"
"a3YDm000000Gu7MMAS","005Dm000000nnayIAA","","Other Operating Non-Cur Liabs","2023-02-24T16:04:45.000Z","005Dm000000nnayIAA","2023-02-24T16:04:45.000Z","005Dm000000nnayIAA","","","","Accounting Grid (Balance Sheet)","Other_Operating_NonCur_Liabs_ACCTGRD"
"a3YDm000000Gu7NMAS","005Dm000000nnayIAA","","Other Non-Op Non-Cur Liabs","2023-02-24T16:04:45.000Z","005Dm000000nnayIAA","2023-02-24T16:04:45.000Z","005Dm000000nnayIAA","","","","Accounting Grid (Balance Sheet)","Other_NonOp_NonCur_Liabs_ACCTGRD"
"a3YDm000000Gu7OMAS","005Dm000000nnayIAA","","Non-Accounting","2023-02-24T16:04:45.000Z","005Dm000000nnayIAA","2023-02-24T16:04:45.000Z","005Dm000000nnayIAA","","","","Accounting Grid (Other)","NonAccounting_ACCTGRD"
"a3YDm000000Gu7PMAS","005Dm000000nnayIAA","","Other Operating Expense","2023-02-24T16:04:45.000Z","005Dm000000nnayIAA","2023-02-24T16:04:45.000Z","005Dm000000nnayIAA","","","","Accounting Grid (Income Statement)","Other_Operating_Expense_ACCTGRD"
"a3YDm000000Gu7QMAS","005Dm000000nnayIAA","","Other Operating Expenses","2023-02-24T16:04:45.000Z","005Dm000000nnayIAA","2023-02-24T16:04:45.000Z","005Dm000000nnayIAA","","","","RMA Benchmarking","other_operating_expenses"
"a3YDm000000Gu7RMAS","005Dm000000nnayIAA","","Other Non-Op Non-Cur Assets","2023-02-24T16:04:45.000Z","005Dm000000nnayIAA","2023-02-24T16:04:45.000Z","005Dm000000nnayIAA","","","","Accounting Grid (Balance Sheet)","Other_NonOp_NonCur_Assets_ACCTGRD"
"a3YDm000000Gu7SMAS","005Dm000000nnayIAA","","Other Non-Current Assets","2023-02-24T16:04:45.000Z","005Dm000000nnayIAA","2023-02-24T16:04:45.000Z","005Dm000000nnayIAA","","","","RMA Benchmarking","other_non_current_assets"
"a3YDm000000Gu7TMAS","005Dm000000nnayIAA","","Intangibles - Due From Related","2023-02-24T16:04:45.000Z","005Dm000000nnayIAA","2023-02-24T16:04:45.000Z","005Dm000000nnayIAA","","","","Accounting Grid (Balance Sheet)","Intangibles_Due_From_Related_ACCTGRD"
"a3YDm000000Gu7UMAS","005Dm000000nnayIAA","","Intangibles (gross)","2023-02-24T16:04:45.000Z","005Dm000000nnayIAA","2023-02-24T16:04:45.000Z","005Dm000000nnayIAA","","","","RMA Benchmarking","intangibles_gross"
"a3YDm000000Gu7VMAS","005Dm000000nnayIAA","","Intangibles - Goodwill","2023-02-24T16:04:45.000Z","005Dm000000nnayIAA","2023-02-24T16:04:45.000Z","005Dm000000nnayIAA","","","","Accounting Grid (Balance Sheet)","Intangibles_Goodwill_ACCTGRD"
"a3YDm000000Gu7WMAS","005Dm000000nnayIAA","","Intangibles - Other","2023-02-24T16:04:45.000Z","005Dm000000nnayIAA","2023-02-24T16:04:45.000Z","005Dm000000nnayIAA","","","","Accounting Grid (Balance Sheet)","Intangibles_Other_ACCTGRD"
"a3YDm000000Gu7XMAS","005Dm000000nnayIAA","","PFS - Liquid Assets","2023-02-24T16:04:45.000Z","005Dm000000nnayIAA","2023-02-24T16:04:45.000Z","005Dm000000nnayIAA","","","","Accounting Grid (Individual)","PFS_Liquid_Assets_ACCTGRD"
"a3YDm000000Gu7YMAS","005Dm000000nnayIAA","","PFS - Non-Liquid Assets","2023-02-24T16:04:45.000Z","005Dm000000nnayIAA","2023-02-24T16:04:45.000Z","005Dm000000nnayIAA","","","","Accounting Grid (Individual)","PFS_Non_Liquid_Assets_ACCTGRD"
"a3YDm000000Gu7ZMAS","005Dm000000nnayIAA","","PFS - Liabilities","2023-02-24T16:04:45.000Z","005Dm000000nnayIAA","2023-02-24T16:04:45.000Z","005Dm000000nnayIAA","","","","Accounting Grid (Individual)","PFS_Liabilities_ACCTGRD"
"a3YDm000000Gu7aMAC","005Dm000000nnayIAA","","PFS - Adjustments to Net Worth","2023-02-24T16:04:45.000Z","005Dm000000nnayIAA","2023-02-24T16:04:45.000Z","005Dm000000nnayIAA","","","","Accounting Grid (Individual)","PFS_Adj_to_Net_Worth_ACCTGRD"
"a3YDm000000Gu7bMAC","005Dm000000nnayIAA","","Gain on Asset Sale","2023-02-24T16:04:45.000Z","005Dm000000nnayIAA","2023-02-24T16:04:45.000Z","005Dm000000nnayIAA","","","","Accounting Grid (Income Statement)","Gain_on_Asset_Sale_ACCTGRD"
"a3YDm000000Gu7cMAC","005Dm000000nnayIAA","","Other Income and Expense","2023-02-24T16:04:45.000Z","005Dm000000nnayIAA","2023-02-24T16:04:45.000Z","005Dm000000nnayIAA","","","","RMA Benchmarking","other_income_and_expense"
"a3YDm000000Gu7dMAC","005Dm000000nnayIAA","","Non-Cash Income","2023-02-24T16:04:45.000Z","005Dm000000nnayIAA","2023-02-24T16:04:45.000Z","005Dm000000nnayIAA","","","","Accounting Grid (Income Statement)","NonCash_Income_ACCTGRD"
"a3YDm000000Gu7eMAC","005Dm000000nnayIAA","","Income from Subs/Joint Ventures","2023-02-24T16:04:45.000Z","005Dm000000nnayIAA","2023-02-24T16:04:45.000Z","005Dm000000nnayIAA","","","","Accounting Grid (Income Statement)","Income_from_SubsJoint_Ventures_ACCTGRD"
"a3YDm000000Gu7fMAC","005Dm000000nnayIAA","","Other Income","2023-02-24T16:04:45.000Z","005Dm000000nnayIAA","2023-02-24T16:04:45.000Z","005Dm000000nnayIAA","","","","Accounting Grid (Income Statement)","Other_Income_ACCTGRD"
"a3YDm000000Gu7gMAC","005Dm000000nnayIAA","","Interest Expense","2023-02-24T16:04:45.000Z","005Dm000000nnayIAA","2023-02-24T16:04:45.000Z","005Dm000000nnayIAA","","","","Accounting Grid (Income Statement)","Interest_Expense_ACCTGRD"
"a3YDm000000Gu7hMAC","005Dm000000nnayIAA","","Interest Expense","2023-02-24T16:04:45.000Z","005Dm000000nnayIAA","2023-02-24T16:04:45.000Z","005Dm000000nnayIAA","","","","RMA Benchmarking","interest_expense"
"a3YDm000000Gu7iMAC","005Dm000000nnayIAA","","Loss on Asset Sale","2023-02-24T16:04:45.000Z","005Dm000000nnayIAA","2023-02-24T16:04:45.000Z","005Dm000000nnayIAA","","","","Accounting Grid (Income Statement)","Loss_on_Asset_Sale_ACCTGRD"
"a3YDm000000Gu7jMAC","005Dm000000nnayIAA","","Long Term Debt","2023-02-24T16:04:45.000Z","005Dm000000nnayIAA","2023-02-24T16:04:45.000Z","005Dm000000nnayIAA","","","","RMA Benchmarking","long_term_debt"
"a3YDm000000Gu7kMAC","005Dm000000nnayIAA","","Long Term Debt-Bank","2023-02-24T16:04:45.000Z","005Dm000000nnayIAA","2023-02-24T16:04:45.000Z","005Dm000000nnayIAA","","","","Accounting Grid (Balance Sheet)","Long_Term_DebtBank_ACCTGRD"
"a3YDm000000Gu7lMAC","005Dm000000nnayIAA","","Due to Officers/Stkhlders - LTP","2023-02-24T16:04:45.000Z","005Dm000000nnayIAA","2023-02-24T16:04:45.000Z","005Dm000000nnayIAA","","","","Accounting Grid (Balance Sheet)","Due_to_OfficersStkhlders_LTP_ACCTGRD"
"a3YDm000000Gu7mMAC","005Dm000000nnayIAA","","Deferred Revenue","2023-02-24T16:04:45.000Z","005Dm000000nnayIAA","2023-02-24T16:04:45.000Z","005Dm000000nnayIAA","","","","Accounting Grid (Balance Sheet)","Deferred_Revenue_ACCTGRD"
"a3YDm000000Gu7nMAC","005Dm000000nnayIAA","","Other Expense","2023-02-24T16:04:45.000Z","005Dm000000nnayIAA","2023-02-24T16:04:45.000Z","005Dm000000nnayIAA","","","","Accounting Grid (Income Statement)","Other_Expense_ACCTGRD"
"a3YDm000000Gu7oMAC","005Dm000000nnayIAA","","Non-Cash Interest Expense","2023-02-24T16:04:45.000Z","005Dm000000nnayIAA","2023-02-24T16:04:45.000Z","005Dm000000nnayIAA","","","","Accounting Grid (Income Statement)","Non_Cash_Interest_Exp_ACCTGRD"
"a3YDm000000Gu7pMAC","005Dm000000nnayIAA","","Minority Interest","2023-02-24T16:04:45.000Z","005Dm000000nnayIAA","2023-02-24T16:04:45.000Z","005Dm000000nnayIAA","","","","Accounting Grid (Income Statement)","Minority_Interest_ACCTGRD"
"a3YDm000000Gu7qMAC","005Dm000000nnayIAA","","Cumulative Effect of Acct'g Chg","2023-02-24T16:04:45.000Z","005Dm000000nnayIAA","2023-02-24T16:04:45.000Z","005Dm000000nnayIAA","","","","Accounting Grid (Income Statement)","Cumulative_Effect_of_Acctg_Chg_ACCTGRD"
"a3YDm000000Gu7rMAC","005Dm000000nnayIAA","","Derivative Liabilities - LTP","2023-02-24T16:04:45.000Z","005Dm000000nnayIAA","2023-02-24T16:04:45.000Z","005Dm000000nnayIAA","","","","Accounting Grid (Balance Sheet)","Derivative_Liabilities_LTP_ACCTGRD"
"a3YDm000000Gu7sMAC","005Dm000000nnayIAA","","Subord Deferred Debt-Liab","2023-02-24T16:04:45.000Z","005Dm000000nnayIAA","2023-02-24T16:04:45.000Z","005Dm000000nnayIAA","","","","Accounting Grid (Balance Sheet)","Subord_Deferred_DebtLiab_ACCTGRD"
"a3YDm000000Gu7tMAC","005Dm000000nnayIAA","","Subordinated Debt-Equity","2023-02-24T16:04:45.000Z","005Dm000000nnayIAA","2023-02-24T16:04:45.000Z","005Dm000000nnayIAA","","","","Accounting Grid (Balance Sheet)","Subordinated_DebtEquity_ACCTGRD"
"a3YDm000000Gu7uMAC","005Dm000000nnayIAA","","Other Equity","2023-02-24T16:04:45.000Z","005Dm000000nnayIAA","2023-02-24T16:04:45.000Z","005Dm000000nnayIAA","","","","RMA Benchmarking","other_equity"
"a3YDm000000Gu7vMAC","005Dm000000nnayIAA","","Minority Interest-Equity","2023-02-24T16:04:45.000Z","005Dm000000nnayIAA","2023-02-24T16:04:45.000Z","005Dm000000nnayIAA","","","","Accounting Grid (Balance Sheet)","Minority_InterestEquity_ACCTGRD"
"a3YDm000000Gu7wMAC","005Dm000000nnayIAA","","Common Stock","2023-02-24T16:04:45.000Z","005Dm000000nnayIAA","2023-02-24T16:04:45.000Z","005Dm000000nnayIAA","","","","Accounting Grid (Balance Sheet)","Common_Stock_ACCTGRD"
"a3YDm000000Gu7xMAC","005Dm000000nnayIAA","","Stock Warrants","2023-02-24T16:04:45.000Z","005Dm000000nnayIAA","2023-02-24T16:04:45.000Z","005Dm000000nnayIAA","","","","Accounting Grid (Balance Sheet)","Stock_Warrants_ACCTGRD"
"a3YDm000000Gu7yMAC","005Dm000000nnayIAA","","Other Reserves","2023-02-24T16:04:45.000Z","005Dm000000nnayIAA","2023-02-24T16:04:45.000Z","005Dm000000nnayIAA","","","","Accounting Grid (Balance Sheet)","Other_Reserves_ACCTGRD"
"a3YDm000000Gu7zMAC","005Dm000000nnayIAA","","Retained Earnings","2023-02-24T16:04:45.000Z","005Dm000000nnayIAA","2023-02-24T16:04:45.000Z","005Dm000000nnayIAA","","","","Accounting Grid (Balance Sheet)","Retained_Earnings_ACCTGRD"
"a3YDm000000Gu80MAC","005Dm000000nnayIAA","","Retained Earnings","2023-02-24T16:04:45.000Z","005Dm000000nnayIAA","2023-02-24T16:04:45.000Z","005Dm000000nnayIAA","","","","RMA Benchmarking","retained_earnings"
"a3YDm000000Gu81MAC","005Dm000000nnayIAA","","Preferred Stock","2023-02-24T16:04:45.000Z","005Dm000000nnayIAA","2023-02-24T16:04:45.000Z","005Dm000000nnayIAA","","","","Accounting Grid (Balance Sheet)","Preferred_Stock_ACCTGRD"
"a3YDm000000Gu82MAC","005Dm000000nnayIAA","","Paid In Capital","2023-02-24T16:04:45.000Z","005Dm000000nnayIAA","2023-02-24T16:04:45.000Z","005Dm000000nnayIAA","","","","Accounting Grid (Balance Sheet)","Paid_In_Capital_ACCTGRD"
"a3YDm000000Gu83MAC","005Dm000000nnayIAA","","Paid-in Capital","2023-02-24T16:04:45.000Z","005Dm000000nnayIAA","2023-02-24T16:04:45.000Z","005Dm000000nnayIAA","","","","RMA Benchmarking","paid_in_capital"
"a3YDm000000Gu84MAC","005Dm000000nnayIAA","","Other Equity","2023-02-24T16:04:45.000Z","005Dm000000nnayIAA","2023-02-24T16:04:45.000Z","005Dm000000nnayIAA","","","","Accounting Grid (Balance Sheet)","Other_Equity_ACCTGRD"
"a3YDm000000Gu85MAC","005Dm000000nnayIAA","","Treasury Stock","2023-02-24T16:04:45.000Z","005Dm000000nnayIAA","2023-02-24T16:04:45.000Z","005Dm000000nnayIAA","","","","Accounting Grid (Balance Sheet)","Treasury_Stock_ACCTGRD"
"a3YDm000000Gu86MAC","005Dm000000nnayIAA","","TCF - Personal Income","2023-02-24T16:04:45.000Z","005Dm000000nnayIAA","2023-02-24T16:04:45.000Z","005Dm000000nnayIAA","","","","Accounting Grid (Individual)","TCF_Personal_Income_ACCTGRD"
"a3YDm000000Gu87MAC","005Dm000000nnayIAA","","Sch. C - Cash Flow Adjustments","2023-02-24T16:04:45.000Z","005Dm000000nnayIAA","2023-02-24T16:04:45.000Z","005Dm000000nnayIAA","","","","Accounting Grid (Individual)","Sch_C_Cash_Flow_Adj_ACCTGRD"
"a3YDm000000Gu88MAC","005Dm000000nnayIAA","","Sch. E - Cash Flow Adjustments","2023-02-24T16:04:45.000Z","005Dm000000nnayIAA","2023-02-24T16:04:45.000Z","005Dm000000nnayIAA","","","","Accounting Grid (Individual)","Sch_E_Cash_Flow_Adj_ACCTGRD"
"a3YDm000000Gu89MAC","005Dm000000nnayIAA","","Sch. F - Cash Flow Adjustments","2023-02-24T16:04:45.000Z","005Dm000000nnayIAA","2023-02-24T16:04:45.000Z","005Dm000000nnayIAA","","","","Accounting Grid (Individual)","Sch_F_Cash_Flow_Adj_ACCTGRD"
"a3YDm000000Gu8AMAS","005Dm000000nnayIAA","","TCF - Adjustments","2023-02-24T16:04:45.000Z","005Dm000000nnayIAA","2023-02-24T16:04:45.000Z","005Dm000000nnayIAA","","","","Accounting Grid (Individual)","TCF_Adj_ACCTGRD"
"a3YDm000000Gu8BMAS","005Dm000000nnayIAA","","Debt Service - Existing","2023-02-24T16:04:45.000Z","005Dm000000nnayIAA","2023-02-24T16:04:45.000Z","005Dm000000nnayIAA","","","","Accounting Grid (Individual)","Debt_Service_Existing_ACCTGRD"
"a3YDm000000Gu8CMAS","005Dm000000nnayIAA","","Debt Service - New","2023-02-24T16:04:45.000Z","005Dm000000nnayIAA","2023-02-24T16:04:45.000Z","005Dm000000nnayIAA","","","","Accounting Grid (Individual)","Debt_Service_New_ACCTGRD"
"a3YDm000000Gu8DMAS","005Dm000000nnayIAA","","TCF - Deductions","2023-02-24T16:04:45.000Z","005Dm000000nnayIAA","2023-02-24T16:04:45.000Z","005Dm000000nnayIAA","","","","Accounting Grid (Individual)","TCF_Deductions_ACCTGRD"
"a3YDm000000Gu8EMAS","005Dm000000nnayIAA","","K-1 Income","2023-02-24T16:04:45.000Z","005Dm000000nnayIAA","2023-02-24T16:04:45.000Z","005Dm000000nnayIAA","","","","Accounting Grid (Individual)","K1_Income_ACCTGRD"
"a3YDm000000Gu8FMAS","005Dm000000nnayIAA","","Sch. C - Gross Sales","2023-02-24T16:04:45.000Z","005Dm000000nnayIAA","2023-02-24T16:04:45.000Z","005Dm000000nnayIAA","","","","Accounting Grid (Individual)","Sch_C_Gross_Sales_ACCTGRD"
"a3YDm000000Gu8GMAS","005Dm000000nnayIAA","","Sch. C - Returns & Allowances","2023-02-24T16:04:45.000Z","005Dm000000nnayIAA","2023-02-24T16:04:45.000Z","005Dm000000nnayIAA","","","","Accounting Grid (Individual)","Sch_C_Returns_Allowances_ACCTGRD"
"a3YDm000000Gu8HMAS","005Dm000000nnayIAA","","Sch. C - COGS","2023-02-24T16:04:45.000Z","005Dm000000nnayIAA","2023-02-24T16:04:45.000Z","005Dm000000nnayIAA","","","","Accounting Grid (Individual)","Sch_C_COGS_ACCTGRD"
"a3YDm000000Gu8IMAS","005Dm000000nnayIAA","","Current Ratio","2023-02-24T16:04:45.000Z","005Dm000000nnayIAA","2023-02-24T16:04:45.000Z","005Dm000000nnayIAA","","","","Accounting Grid (Ratios/Stats)","Current_Ratio_ACCTGRD"
"a3YDm000000Gu8JMAS","005Dm000000nnayIAA","","Quick Ratio","2023-02-24T16:04:45.000Z","005Dm000000nnayIAA","2023-02-24T16:04:45.000Z","005Dm000000nnayIAA","","","","Accounting Grid (Ratios/Stats)","Quick_Ratio_ACCTGRD"
"a3YDm000000Gu8KMAS","005Dm000000nnayIAA","","Net Sales/ Working Capital","2023-02-24T16:04:45.000Z","005Dm000000nnayIAA","2023-02-24T16:04:45.000Z","005Dm000000nnayIAA","","","","Accounting Grid (Ratios/Stats)","Net_Sales_Working_Capital_ACCTGRD"
"a3YDm000000Gu8LMAS","005Dm000000nnayIAA","","Tangible Net Worth Actual","2023-02-24T16:04:45.000Z","005Dm000000nnayIAA","2023-02-24T16:04:45.000Z","005Dm000000nnayIAA","","","","Accounting Grid (Ratios/Stats)","Tangible_Net_Worth_Actual_ACCTGRD"
"a3YDm000000Gu8MMAS","005Dm000000nnayIAA","","Accumulated OCI","2023-02-24T16:04:45.000Z","005Dm000000nnayIAA","2023-02-24T16:04:45.000Z","005Dm000000nnayIAA","","","","Accounting Grid (Balance Sheet)","Accumulated_OCI_ACCTGRD"
"a3YDm000000Gu8NMAS","005Dm000000nnayIAA","","Currency Translation","2023-02-24T16:04:45.000Z","005Dm000000nnayIAA","2023-02-24T16:04:45.000Z","005Dm000000nnayIAA","","","","Accounting Grid (Balance Sheet)","Currency_Translation_ACCTGRD"
"a3YDm000000Gu8OMAS","005Dm000000nnayIAA","","(TCF) Manual Adjust - Historical Debt Service","2023-02-24T16:04:45.000Z","005Dm000000nnayIAA","2023-02-24T16:04:45.000Z","005Dm000000nnayIAA","","","","Accounting Grid (Cash Flows)","TCF_Manual_Adjust_Historical_Debt_Service_ACCTGRD"
"a3YDm000000Gu8PMAS","005Dm000000nnayIAA","","(TCF) Manual Adjust - Pro Forma Debt Service","2023-02-24T16:04:45.000Z","005Dm000000nnayIAA","2023-02-24T16:04:45.000Z","005Dm000000nnayIAA","","","","Accounting Grid (Cash Flows)","TCF_Manual_Adjust_Pro_Forma_Debt_Service_ACCTGRD"
"a3YDm000000Gu8QMAS","005Dm000000nnayIAA","","Sales/Revenues","2023-02-24T16:04:45.000Z","005Dm000000nnayIAA","2023-02-24T16:04:45.000Z","005Dm000000nnayIAA","","","","Accounting Grid (Income Statement)","SalesRevenues_ACCTGRD"
"a3YDm000000Gu8RMAS","005Dm000000nnayIAA","","Sales (net)","2023-02-24T16:04:45.000Z","005Dm000000nnayIAA","2023-02-24T16:04:45.000Z","005Dm000000nnayIAA","","","","RMA Benchmarking","sales_net"
"a3YDm000000Gu8SMAS","005Dm000000nnayIAA","","Returns & Allowances","2023-02-24T16:04:45.000Z","005Dm000000nnayIAA","2023-02-24T16:04:45.000Z","005Dm000000nnayIAA","","","","Accounting Grid (Income Statement)","Returns_Allowances_ACCTGRD"
"a3YDm000000Gu8TMAS","005Dm000000nnayIAA","","Cost of Sales","2023-02-24T16:04:45.000Z","005Dm000000nnayIAA","2023-02-24T16:04:45.000Z","005Dm000000nnayIAA","","","","RMA Benchmarking","cost_of_sales"
"a3YDm000000Gu8UMAS","005Dm000000nnayIAA","","Cost of Sales/Revenues","2023-02-24T16:04:45.000Z","005Dm000000nnayIAA","2023-02-24T16:04:45.000Z","005Dm000000nnayIAA","","","","Accounting Grid (Income Statement)","Cost_of_SalesRevenues_ACCTGRD"
"a3YDm000000Gu8VMAS","005Dm000000nnayIAA","","General & Admin Expense","2023-02-24T16:04:45.000Z","005Dm000000nnayIAA","2023-02-24T16:04:45.000Z","005Dm000000nnayIAA","","","","Accounting Grid (Income Statement)","General_Admin_Expense_ACCTGRD"
"a3YDm000000Gu8WMAS","005Dm000000nnayIAA","","Sch. C - COGS Depreciation","2023-02-24T16:04:45.000Z","005Dm000000nnayIAA","2023-02-24T16:04:45.000Z","005Dm000000nnayIAA","","","","Accounting Grid (Individual)","Sch_C_COGS_Depreciation_ACCTGRD"
"a3YDm000000Gu8XMAS","005Dm000000nnayIAA","","Sch. C - Expenses","2023-02-24T16:04:45.000Z","005Dm000000nnayIAA","2023-02-24T16:04:45.000Z","005Dm000000nnayIAA","","","","Accounting Grid (Individual)","Sch_C_Expenses_ACCTGRD"
"a3YDm000000Gu8YMAS","005Dm000000nnayIAA","","Sch. C - Depreciation Expense","2023-02-24T16:04:45.000Z","005Dm000000nnayIAA","2023-02-24T16:04:45.000Z","005Dm000000nnayIAA","","","","Accounting Grid (Individual)","Sch_C_Depreciation_Expense_ACCTGRD"
"a3YDm000000Gu8ZMAS","005Dm000000nnayIAA","","Sch. C - Interest Expense","2023-02-24T16:04:45.000Z","005Dm000000nnayIAA","2023-02-24T16:04:45.000Z","005Dm000000nnayIAA","","","","Accounting Grid (Individual)","Sch_C_Interest_Expense_ACCTGRD"
"a3YDm000000Gu8aMAC","005Dm000000nnayIAA","","Sch. C - Expenses for Primary Residence","2023-02-24T16:04:45.000Z","005Dm000000nnayIAA","2023-02-24T16:04:45.000Z","005Dm000000nnayIAA","","","","Accounting Grid (Individual)","Sch_C_Expenses_for_Primary_Residence_ACCTGRD"
"a3YDm000000Gu8bMAC","005Dm000000nnayIAA","","Sch. E - Rents Received","2023-02-24T16:04:45.000Z","005Dm000000nnayIAA","2023-02-24T16:04:45.000Z","005Dm000000nnayIAA","","","","Accounting Grid (Individual)","Sch_E_ Rents_Received _ACCTGRD"
"a3YDm000000Gu8cMAC","005Dm000000nnayIAA","","Debt Less Sub Debt/ Eff. TNW","2023-02-24T16:04:45.000Z","005Dm000000nnayIAA","2023-02-24T16:04:45.000Z","005Dm000000nnayIAA","","","","Accounting Grid (Ratios/Stats)","Debt_Less_Sub_Debt_Eff_TNW_ACCTGRD"
"a3YDm000000Gu8dMAC","005Dm000000nnayIAA","","Eff Tangible Net Worth Actual","2023-02-24T16:04:45.000Z","005Dm000000nnayIAA","2023-02-24T16:04:45.000Z","005Dm000000nnayIAA","","","","Accounting Grid (Ratios/Stats)","Eff_Tangible_Net_Worth_Actual_ACCTGRD"
"a3YDm000000Gu8eMAC","005Dm000000nnayIAA","","EBITDA / Int Exp + CP CPLTD","2023-02-24T16:04:45.000Z","005Dm000000nnayIAA","2023-02-24T16:04:45.000Z","005Dm000000nnayIAA","","","","Accounting Grid (Ratios/Stats)","EBITDA_Int_Exp__CP_CPLTD_ACCTGRD"
"a3YDm000000Gu8fMAC","005Dm000000nnayIAA","","EBIT","2023-02-24T16:04:45.000Z","005Dm000000nnayIAA","2023-02-24T16:04:45.000Z","005Dm000000nnayIAA","","","","Accounting Grid (Ratios/Stats)","EBIT_ACCTGRD"
"a3YDm000000Gu8gMAC","005Dm000000nnayIAA","","Other Liquid Assets","2023-02-24T16:04:45.000Z","005Dm000000nnayIAA","2023-02-24T16:04:45.000Z","005Dm000000nnayIAA","","","","RMA Benchmarking","other_liquid_assets"
"a3YDm000000Gu8hMAC","005Dm000000nnayIAA","","Time Deposits","2023-02-24T16:04:45.000Z","005Dm000000nnayIAA","2023-02-24T16:04:45.000Z","005Dm000000nnayIAA","","","","Accounting Grid (Balance Sheet)","Time_Deposits_ACCTGRD"
"a3YDm000000Gu8iMAC","005Dm000000nnayIAA","","Other Cash & Equivalents","2023-02-24T16:04:45.000Z","005Dm000000nnayIAA","2023-02-24T16:04:45.000Z","005Dm000000nnayIAA","","","","Accounting Grid (Balance Sheet)","Other_Cash_Equivalents_ACCTGRD"
"a3YDm000000Gu8jMAC","005Dm000000nnayIAA","","Bad Debt Reserve","2023-02-24T16:04:45.000Z","005Dm000000nnayIAA","2023-02-24T16:04:45.000Z","005Dm000000nnayIAA","","","","Accounting Grid (Balance Sheet)","Bad_Debt_Reserve_ACCTGRD"
"a3YDm000000Gu8kMAC","005Dm000000nnayIAA","","Trade Receivables (net)","2023-02-24T16:04:45.000Z","005Dm000000nnayIAA","2023-02-24T16:04:45.000Z","005Dm000000nnayIAA","","","","RMA Benchmarking","trade_receivables_net"
"a3YDm000000Gu8lMAC","005Dm000000nnayIAA","","Accounts Receivable Trade - CP","2023-02-24T16:04:45.000Z","005Dm000000nnayIAA","2023-02-24T16:04:45.000Z","005Dm000000nnayIAA","","","","Accounting Grid (Balance Sheet)","Accounts_Rec_Trade_CP_ACCTGRD"
"a3YDm000000Gu8mMAC","005Dm000000nnayIAA","","Other Gen & Admin Expense","2023-02-24T16:04:45.000Z","005Dm000000nnayIAA","2023-02-24T16:04:45.000Z","005Dm000000nnayIAA","","","","Accounting Grid (Income Statement)","Other_Gen_Admin_Expense_ACCTGRD"
"a3YDm000000Gu8nMAC","005Dm000000nnayIAA","","Sch. E - Expenses","2023-02-24T16:04:45.000Z","005Dm000000nnayIAA","2023-02-24T16:04:45.000Z","005Dm000000nnayIAA","","","","Accounting Grid (Individual)","Sch_E_Expenses_ACCTGRD"
"a3YDm000000Gu8oMAC","005Dm000000nnayIAA","","Sch. E - Royalties Received","2023-02-24T16:04:45.000Z","005Dm000000nnayIAA","2023-02-24T16:04:45.000Z","005Dm000000nnayIAA","","","","Accounting Grid (Individual)","Sch_E_ Royalties_Received _ACCTGRD"
"a3YDm000000Gu8pMAC","005Dm000000nnayIAA","","Sch. E - Mortgage Interest Expense","2023-02-24T16:04:45.000Z","005Dm000000nnayIAA","2023-02-24T16:04:45.000Z","005Dm000000nnayIAA","","","","Accounting Grid (Individual)","Sch_E_ Mortgage_Interest_Expense_ACCTGRD"
"a3YDm000000Gu8qMAC","005Dm000000nnayIAA","","Sch. E - Other Interest Expense","2023-02-24T16:04:45.000Z","005Dm000000nnayIAA","2023-02-24T16:04:45.000Z","005Dm000000nnayIAA","","","","Accounting Grid (Individual)","Sch_E_ Other_Interest_Expense_ACCTGRD"
"a3YDm000000Gu8rMAC","005Dm000000nnayIAA","","Sch. E - Depreciation","2023-02-24T16:04:45.000Z","005Dm000000nnayIAA","2023-02-24T16:04:45.000Z","005Dm000000nnayIAA","","","","Accounting Grid (Individual)","Sch_E_ Depreciation_ACCTGRD"
"a3YDm000000Gu8sMAC","005Dm000000nnayIAA","","Sch. E - Income from Partnerships & S Corps","2023-02-24T16:04:45.000Z","005Dm000000nnayIAA","2023-02-24T16:04:45.000Z","005Dm000000nnayIAA","","","","Accounting Grid (Individual)","Sch_E_Income_from_Partn_and_S_Corps_ACCTGRD"
"a3YDm000000Gu8tMAC","005Dm000000nnayIAA","","Sch. E - Income from Estates & Trusts","2023-02-24T16:04:45.000Z","005Dm000000nnayIAA","2023-02-24T16:04:45.000Z","005Dm000000nnayIAA","","","","Accounting Grid (Individual)","Sch_E_Income_from_Estates_and_Trusts_ACCTGRD"
"a3YDm000000Gu8uMAC","005Dm000000nnayIAA","","Sch. E - Income from Mortgage Inv. Conduits","2023-02-24T16:04:45.000Z","005Dm000000nnayIAA","2023-02-24T16:04:45.000Z","005Dm000000nnayIAA","","","","Accounting Grid (Individual)","Sch_E_Income_from_Mortgage_Inv_Conduits_ACCTGRD"
"a3YDm000000Gu8vMAC","005Dm000000nnayIAA","","Sch. F - Sales of Livestock","2023-02-24T16:04:45.000Z","005Dm000000nnayIAA","2023-02-24T16:04:45.000Z","005Dm000000nnayIAA","","","","Accounting Grid (Individual)","Sch_F_Sales_of_Livestock_ACCTGRD"
"a3YDm000000Gu8wMAC","005Dm000000nnayIAA","","Sch. F - Cost of Livestock","2023-02-24T16:04:45.000Z","005Dm000000nnayIAA","2023-02-24T16:04:45.000Z","005Dm000000nnayIAA","","","","Accounting Grid (Individual)","Sch_F_Cost_of_Livestock_ACCTGRD"
"a3YDm000000Gu8xMAC","005Dm000000nnayIAA","","Sch. F - Expenses","2023-02-24T16:04:45.000Z","005Dm000000nnayIAA","2023-02-24T16:04:45.000Z","005Dm000000nnayIAA","","","","Accounting Grid (Individual)","Sch_F_Expenses_ACCTGRD"
"a3YDm000000Gu8yMAC","005Dm000000nnayIAA","","Sch. F - Depreciation Expense","2023-02-24T16:04:45.000Z","005Dm000000nnayIAA","2023-02-24T16:04:45.000Z","005Dm000000nnayIAA","","","","Accounting Grid (Individual)","Sch_F_Depreciation_Expense_ACCTGRD"
"a3YDm000000Gu8zMAC","005Dm000000nnayIAA","","Interest Coverage","2023-02-24T16:04:45.000Z","005Dm000000nnayIAA","2023-02-24T16:04:45.000Z","005Dm000000nnayIAA","","","","Accounting Grid (Ratios/Stats)","Interest_Coverage_ACCTGRD"
"a3YDm000000Gu90MAC","005Dm000000nnayIAA","","NI+Depr+Amort-Divs / CP CPLTD","2023-02-24T16:04:45.000Z","005Dm000000nnayIAA","2023-02-24T16:04:45.000Z","005Dm000000nnayIAA","","","","Accounting Grid (Ratios/Stats)","NIDeprAmortDivs_CP_CPLTD_ACCTGRD"
"a3YDm000000Gu91MAC","005Dm000000nnayIAA","","Fixed Charge Coverage","2023-02-24T16:04:45.000Z","005Dm000000nnayIAA","2023-02-24T16:04:45.000Z","005Dm000000nnayIAA","","","","Accounting Grid (Ratios/Stats)","Fixed_Charge_Coverage_ACCTGRD"
"a3YDm000000Gu92MAC","005Dm000000nnayIAA","","UCA Cash Flow Coverage","2023-02-24T16:04:45.000Z","005Dm000000nnayIAA","2023-02-24T16:04:45.000Z","005Dm000000nnayIAA","","","","Accounting Grid (Ratios/Stats)","UCA_Cash_Flow_Coverage_ACCTGRD"
"a3YDm000000Gu93MAC","005Dm000000nnayIAA","","EBITDA / Int Exp + PP CPLTD","2023-02-24T16:04:45.000Z","005Dm000000nnayIAA","2023-02-24T16:04:45.000Z","005Dm000000nnayIAA","","","","Accounting Grid (Ratios/Stats)","EBITDA_Int_Exp__PP_CPLTD_ACCTGRD"
"a3YDm000000Gu94MAC","005Dm000000nnayIAA","","Borrowed Funds to EBITDA","2023-02-24T16:04:45.000Z","005Dm000000nnayIAA","2023-02-24T16:04:45.000Z","005Dm000000nnayIAA","","","","Accounting Grid (Ratios/Stats)","Borrowed_Funds_to_EBITDA_ACCTGRD"
"a3YDm000000Gu95MAC","005Dm000000nnayIAA","","EBITDA - Annualized","2023-02-24T16:04:45.000Z","005Dm000000nnayIAA","2023-02-24T16:04:45.000Z","005Dm000000nnayIAA","","","","Accounting Grid (Ratios/Stats)","EBITDA_Annualized_ACCTGRD"
"a3YDm000000Gu96MAC","005Dm000000nnayIAA","","Gross Margin","2023-02-24T16:04:45.000Z","005Dm000000nnayIAA","2023-02-24T16:04:45.000Z","005Dm000000nnayIAA","","","","Accounting Grid (Ratios/Stats)","Gross_Margin_ACCTGRD"
"a3YDm000000Gu97MAC","005Dm000000nnayIAA","","Operating Profit Margin","2023-02-24T16:04:45.000Z","005Dm000000nnayIAA","2023-02-24T16:04:45.000Z","005Dm000000nnayIAA","","","","Accounting Grid (Ratios/Stats)","Operating_Profit_Margin_ACCTGRD"
"a3YDm000000Gu98MAC","005Dm000000nnayIAA","","Operating Profit Margin (plus Depr)","2023-02-24T16:04:45.000Z","005Dm000000nnayIAA","2023-02-24T16:04:45.000Z","005Dm000000nnayIAA","","","","Accounting Grid (Ratios/Stats)","Operating_Profit_Margin_plus_Depr_ACCTGRD"
"a3YDm000000Gu99MAC","005Dm000000nnayIAA","","Dividend Payout Rate","2023-02-24T16:04:45.000Z","005Dm000000nnayIAA","2023-02-24T16:04:45.000Z","005Dm000000nnayIAA","","","","Accounting Grid (Ratios/Stats)","Dividend_Payout_Rate_ACCTGRD"
"a3YDm000000Gu9AMAS","005Dm000000nnayIAA","","Total Assets to Net Sales","2023-02-24T16:04:45.000Z","005Dm000000nnayIAA","2023-02-24T16:04:45.000Z","005Dm000000nnayIAA","","","","Accounting Grid (Ratios/Stats)","Total_Assets_to_Net_Sales_ACCTGRD"
"a3YDm000000Gu9BMAS","005Dm000000nnayIAA","","Total Liabilities Growth","2023-02-24T16:04:45.000Z","005Dm000000nnayIAA","2023-02-24T16:04:45.000Z","005Dm000000nnayIAA","","","","Accounting Grid (Ratios/Stats)","Total_Liabilities_Growth_ACCTGRD"
"a3YDm000000Gu9CMAS","005Dm000000nnayIAA","","Total Assets Growth","2023-02-24T16:04:45.000Z","005Dm000000nnayIAA","2023-02-24T16:04:45.000Z","005Dm000000nnayIAA","","","","Accounting Grid (Ratios/Stats)","Total_Assets_Growth_ACCTGRD"
"a3YDm000000Gu9DMAS","005Dm000000nnayIAA","","Net Profit Growth","2023-02-24T16:04:45.000Z","005Dm000000nnayIAA","2023-02-24T16:04:45.000Z","005Dm000000nnayIAA","","","","Accounting Grid (Ratios/Stats)","Net_Profit_Growth_ACCTGRD"
"a3YDm000000Gu9EMAS","005Dm000000nnayIAA","","Net Worth Growth","2023-02-24T16:04:45.000Z","005Dm000000nnayIAA","2023-02-24T16:04:45.000Z","005Dm000000nnayIAA","","","","Accounting Grid (Ratios/Stats)","Net_Worth_Growth_ACCTGRD"
"a3YDm000000Gu9FMAS","005Dm000000nnayIAA","","Net Sales Growth","2023-02-24T16:04:45.000Z","005Dm000000nnayIAA","2023-02-24T16:04:45.000Z","005Dm000000nnayIAA","","","","Accounting Grid (Ratios/Stats)","Net_Sales_Growth_ACCTGRD"
"a3YDm000000Gu9GMAS","005Dm000000nnayIAA","","Operating Profit Growth","2023-02-24T16:04:45.000Z","005Dm000000nnayIAA","2023-02-24T16:04:45.000Z","005Dm000000nnayIAA","","","","Accounting Grid (Ratios/Stats)","Operating_Profit_Growth_ACCTGRD"
"a3YDm000000Gu9HMAS","005Dm000000nnayIAA","","Adj to Retained Earn. - Prior Period Adj","2023-02-24T16:04:45.000Z","005Dm000000nnayIAA","2023-02-24T16:04:45.000Z","005Dm000000nnayIAA","","","","Accounting Grid (Other)","Adj_to_Retained_Earn_Prior_Period_Adj_ACCTGRD"
"a3YDm000000Gu9IMAS","005Dm000000nnayIAA","","Sustainable Growth","2023-02-24T16:04:45.000Z","005Dm000000nnayIAA","2023-02-24T16:04:45.000Z","005Dm000000nnayIAA","","","","Accounting Grid (Ratios/Stats)","Sustainable_Growth_ACCTGRD"
"a3YDm000000Gu9JMAS","005Dm000000nnayIAA","","Adj to Retained Earn. - Dividends","2023-02-24T16:04:45.000Z","005Dm000000nnayIAA","2023-02-24T16:04:45.000Z","005Dm000000nnayIAA","","","","Accounting Grid (Other)","Adj_to_Retained_Earn_Dividends_ACCTGRD"
"a3YDm000000Gu9KMAS","005Dm000000nnayIAA","","Inventory","2023-02-24T16:04:45.000Z","005Dm000000nnayIAA","2023-02-24T16:04:45.000Z","005Dm000000nnayIAA","","","","Accounting Grid (Balance Sheet)","Inventory_ACCTGRD"
"a3YDm000000Gu9LMAS","005Dm000000nnayIAA","","Inventory","2023-02-24T16:04:45.000Z","005Dm000000nnayIAA","2023-02-24T16:04:45.000Z","005Dm000000nnayIAA","","","","RMA Benchmarking","inventory"
"a3YDm000000Gu9MMAS","005Dm000000nnayIAA","","LIFO Reserve","2023-02-24T16:04:45.000Z","005Dm000000nnayIAA","2023-02-24T16:04:45.000Z","005Dm000000nnayIAA","","","","Accounting Grid (Balance Sheet)","LIFO_Reserve_ACCTGRD"
"a3YDm000000Gu9NMAS","005Dm000000nnayIAA","","Non-Cash Expense","2023-02-24T16:04:45.000Z","005Dm000000nnayIAA","2023-02-24T16:04:45.000Z","005Dm000000nnayIAA","","","","Accounting Grid (Income Statement)","NonCash_Expense_ACCTGRD"
"a3YDm000000Gu9OMAS","005Dm000000nnayIAA","","Current Income Tax","2023-02-24T16:04:45.000Z","005Dm000000nnayIAA","2023-02-24T16:04:45.000Z","005Dm000000nnayIAA","","","","Accounting Grid (Income Statement)","Current_Income_Tax_ACCTGRD"
"a3YDm000000Gu9PMAS","005Dm000000nnayIAA","","Income Taxes","2023-02-24T16:04:45.000Z","005Dm000000nnayIAA","2023-02-24T16:04:45.000Z","005Dm000000nnayIAA","","","","RMA Benchmarking","income_taxes"
"a3YDm000000Gu9QMAS","005Dm000000nnayIAA","","Deferred Income Tax","2023-02-24T16:04:45.000Z","005Dm000000nnayIAA","2023-02-24T16:04:45.000Z","005Dm000000nnayIAA","","","","Accounting Grid (Income Statement)","Deferred_Income_Tax_ACCTGRD"
"a3YDm000000Gu9RMAS","005Dm000000nnayIAA","","Sch. F - Other Interest Expense","2023-02-24T16:04:45.000Z","005Dm000000nnayIAA","2023-02-24T16:04:45.000Z","005Dm000000nnayIAA","","","","Accounting Grid (Individual)","Sch_F_Other_Interest_Expense_ACCTGRD"
"a3YDm000000Gu9SMAS","005Dm000000nnayIAA","","Rental Income","2023-02-24T16:04:45.000Z","005Dm000000nnayIAA","2023-02-24T16:04:45.000Z","005Dm000000nnayIAA","","","","NOI Statement","rental_income"
"a3YDm000000Gu9TMAS","005Dm000000nnayIAA","","Other Income","2023-02-24T16:04:45.000Z","005Dm000000nnayIAA","2023-02-24T16:04:45.000Z","005Dm000000nnayIAA","","","","NOI Statement","other_income"
"a3YDm000000Gu9UMAS","005Dm000000nnayIAA","","CRE Operating Expenses","2023-02-24T16:04:45.000Z","005Dm000000nnayIAA","2023-02-24T16:04:45.000Z","005Dm000000nnayIAA","","","","NOI Statement","operating_expenses"
"a3YDm000000Gu9VMAS","005Dm000000nnayIAA","","Debt Service","2023-02-24T16:04:45.000Z","005Dm000000nnayIAA","2023-02-24T16:04:45.000Z","005Dm000000nnayIAA","","","","NOI Statement","debt_service"
"a3YDm000000Gu9WMAS","005Dm000000nnayIAA","","Vacancy Rate","2023-02-24T16:04:45.000Z","005Dm000000nnayIAA","2023-02-24T16:04:45.000Z","005Dm000000nnayIAA","","","","NOI Statement","vacancy_rate"
"a3YDm000000Gu9XMAS","005Dm000000nnayIAA","","Total Vacancy Amount","2023-02-24T16:04:45.000Z","005Dm000000nnayIAA","2023-02-24T16:04:45.000Z","005Dm000000nnayIAA","","","","NOI Statement","total_vacancy_amount"
"a3YDm000000Gu9YMAS","005Dm000000nnayIAA","","Total Available Rooms","2023-02-24T16:04:45.000Z","005Dm000000nnayIAA","2023-02-24T16:04:45.000Z","005Dm000000nnayIAA","","","","NOI Statement","total_available_rooms"
"a3YDm000000Gu9ZMAS","005Dm000000nnayIAA","","Room Revenue","2023-02-24T16:04:45.000Z","005Dm000000nnayIAA","2023-02-24T16:04:45.000Z","005Dm000000nnayIAA","","","","NOI Statement","room_revenue"
"a3YDm000000Gu9aMAC","005Dm000000nnayIAA","","Cap Rate","2023-02-24T16:04:45.000Z","005Dm000000nnayIAA","2023-02-24T16:04:45.000Z","005Dm000000nnayIAA","","","","NOI Statement","cap_rate"
"a3YDm000000Gu9bMAC","005Dm000000nnayIAA","","Intangibles (net)","2023-02-24T16:04:45.000Z","005Dm000000nnayIAA","2023-02-24T16:04:45.000Z","005Dm000000nnayIAA","","","","RMA Benchmarking","intangibles_net"
"a3YDm000000Gu9cMAC","005Dm000000nnayIAA","","Other Operating Non-Cur Assets","2023-02-24T16:04:45.000Z","005Dm000000nnayIAA","2023-02-24T16:04:45.000Z","005Dm000000nnayIAA","","","","Accounting Grid (Balance Sheet)","Other_Operating_NonCur_Assets_ACCTGRD"
"a3YDm000000Gu9dMAC","005Dm000000nnayIAA","","Other Investments","2023-02-24T16:04:45.000Z","005Dm000000nnayIAA","2023-02-24T16:04:45.000Z","005Dm000000nnayIAA","","","","Accounting Grid (Balance Sheet)","Other_Investments_ACCTGRD"
"a3YDm000000Gu9eMAC","005Dm000000nnayIAA","","Overdrafts - Financing","2023-02-24T16:04:45.000Z","005Dm000000nnayIAA","2023-02-24T16:04:45.000Z","005Dm000000nnayIAA","","","","Accounting Grid (Balance Sheet)","Overdrafts_Financing_ACCTGRD"
"a3YDm000000Gu9fMAC","005Dm000000nnayIAA","","Notes Payable - Short Term","2023-02-24T16:04:45.000Z","005Dm000000nnayIAA","2023-02-24T16:04:45.000Z","005Dm000000nnayIAA","","","","RMA Benchmarking","notes_payable_short_term"
"a3YDm000000Gu9gMAC","005Dm000000nnayIAA","","Current Portion of Long Term Debt","2023-02-24T16:04:45.000Z","005Dm000000nnayIAA","2023-02-24T16:04:45.000Z","005Dm000000nnayIAA","","","","RMA Benchmarking","current_portion_of_long_term_debt"
"a3YDm000000Gu9hMAC","005Dm000000nnayIAA","","Prior Period Total Sales","2023-02-24T16:04:45.000Z","005Dm000000nnayIAA","2023-02-24T16:04:45.000Z","005Dm000000nnayIAA","","","","Accounting Grid (Income Statement)","Prior_Period_Total_Sales_ACCTGRD"
"a3YDm000000Gu9iMAC","005Dm000000nnayIAA","","Prior Period Net Profit","2023-02-24T16:04:45.000Z","005Dm000000nnayIAA","2023-02-24T16:04:45.000Z","005Dm000000nnayIAA","","","","Accounting Grid (Income Statement)","Prior_Period_Net_Profit_ACCTGRD"
"a3YDm000000Gu9jMAC","005Dm000000nnayIAA","","Deannualized CP CPLTD","2023-02-24T16:04:45.000Z","005Dm000000nnayIAA","2023-02-24T16:04:45.000Z","005Dm000000nnayIAA","","","","Accounting Grid (Ratios/Stats)","Deannualized_CP_CPLTD_ACCTGRD"
"a3YDm000000Gu9kMAC","005Dm000000nnayIAA","","Prior Period Operating Profit","2023-02-24T16:04:45.000Z","005Dm000000nnayIAA","2023-02-24T16:04:45.000Z","005Dm000000nnayIAA","","","","Accounting Grid (Income Statement)","Prior_Period_Operating_Profit_ACCTGRD"
"a3YDm000000Gu9lMAC","005Dm000000nnayIAA","","Annualized Net Sales","2023-02-24T16:04:45.000Z","005Dm000000nnayIAA","2023-02-24T16:04:45.000Z","005Dm000000nnayIAA","","","","Accounting Grid (Ratios/Stats)","Annualized_Net_Sales_ACCTGRD"
"a3YDm000000Gu9mMAC","005Dm000000nnayIAA","","Deannualized PP CPLTD","2023-02-24T16:04:45.000Z","005Dm000000nnayIAA","2023-02-24T16:04:45.000Z","005Dm000000nnayIAA","","","","Accounting Grid (Ratios/Stats)","Deannualized_PP_CPLTD_ACCTGRD"
"a3YDm000000Gu9nMAC","005Dm000000nnayIAA","","Annualized COGS","2023-02-24T16:04:45.000Z","005Dm000000nnayIAA","2023-02-24T16:04:45.000Z","005Dm000000nnayIAA","","","","Accounting Grid (Ratios/Stats)","Annualized_COGS_ACCTGRD"
"a3YDm000000Gu9oMAC","005Dm000000nnayIAA","","Debt to Capital","2023-02-24T16:04:45.000Z","005Dm000000nnayIAA","2023-02-24T16:04:45.000Z","005Dm000000nnayIAA","","","","Accounting Grid (Ratios/Stats)","Debt_to_Capital_ACCTGRD"
"a3YDm000000Gu9pMAC","005Dm000000nnayIAA","","Borrowed Funds to NFA","2023-02-24T16:04:45.000Z","005Dm000000nnayIAA","2023-02-24T16:04:45.000Z","005Dm000000nnayIAA","","","","Accounting Grid (Ratios/Stats)","Borrowed_Funds_to_NFA_ACCTGRD"
"a3YDm000000Gu9qMAC","005Dm000000nnayIAA","","Property, Plant, & Equipment","2023-02-24T16:04:45.000Z","005Dm000000nnayIAA","2023-02-24T16:04:45.000Z","005Dm000000nnayIAA","","","","RMA Benchmarking","property_plant_equipment"
"a3YDm000000Gu9rMAC","005Dm000000nnayIAA","","Other Fixed Assets","2023-02-24T16:04:45.000Z","005Dm000000nnayIAA","2023-02-24T16:04:45.000Z","005Dm000000nnayIAA","","","","Accounting Grid (Balance Sheet)","Other_Fixed_Assets_ACCTGRD"
"a3YDm000000Gu9sMAC","005Dm000000nnayIAA","","Machinery & Equipment","2023-02-24T16:04:45.000Z","005Dm000000nnayIAA","2023-02-24T16:04:45.000Z","005Dm000000nnayIAA","","","","Accounting Grid (Balance Sheet)","Machinery_Equipment_ACCTGRD"
"a3YDm000000Gu9tMAC","005Dm000000nnayIAA","","CPLTD-Bank","2023-02-24T16:04:45.000Z","005Dm000000nnayIAA","2023-02-24T16:04:45.000Z","005Dm000000nnayIAA","","","","Accounting Grid (Balance Sheet)","CPLTDBank_ACCTGRD"
"a3YDm000000Gu9uMAC","005Dm000000nnayIAA","","ST Loans Payable-Bank","2023-02-24T16:04:45.000Z","005Dm000000nnayIAA","2023-02-24T16:04:45.000Z","005Dm000000nnayIAA","","","","Accounting Grid (Balance Sheet)","ST_Loans_PayableBank_ACCTGRD"
"a3YDm000000Gu9vMAC","005Dm000000nnayIAA","","Cash Value Life Insurance","2023-02-24T16:04:45.000Z","005Dm000000nnayIAA","2023-02-24T16:04:45.000Z","005Dm000000nnayIAA","","","","Accounting Grid (Balance Sheet)","Cash_Value_Life_Insurance_ACCTGRD"
"a3YDm000000Gu9wMAC","005Dm000000nnayIAA","","Investment in Subsidiaries","2023-02-24T16:04:45.000Z","005Dm000000nnayIAA","2023-02-24T16:04:45.000Z","005Dm000000nnayIAA","","","","Accounting Grid (Balance Sheet)","Investment_in_Subsidiaries_ACCTGRD"
"a3YDm000000Gu9xMAC","005Dm000000nnayIAA","","Derivative Assets - LTP","2023-02-24T16:04:45.000Z","005Dm000000nnayIAA","2023-02-24T16:04:45.000Z","005Dm000000nnayIAA","","","","Accounting Grid (Balance Sheet)","Derivative_Assets_LTP_ACCTGRD"
"a3YDm000000Gu9yMAC","005Dm000000nnayIAA","","Adj to Retained Earn. - Withdrawals","2023-02-24T16:04:45.000Z","005Dm000000nnayIAA","2023-02-24T16:04:45.000Z","005Dm000000nnayIAA","","","","Accounting Grid (Other)","Adj_to_Retained_Earn_Withdrawals_ACCTGRD"
"a3YDm000000Gu9zMAC","005Dm000000nnayIAA","","Adj to Retained Earn. -Â  Other Change","2023-02-24T16:04:45.000Z","005Dm000000nnayIAA","2023-02-24T16:04:45.000Z","005Dm000000nnayIAA","","","","Accounting Grid (Other)","Adj_to_Retained_Earn_Other_Change_ACCTGRD"
"a3YDm000000GuA0MAK","005Dm000000nnayIAA","","Adj to Retained Earn. - Dividends - Stock","2023-02-24T16:04:45.000Z","005Dm000000nnayIAA","2023-02-24T16:04:45.000Z","005Dm000000nnayIAA","","","","Accounting Grid (Other)","Adj_to_Retained_Earn_Dividends_Stock_ACCTGRD"
"a3YDm000000GuA1MAK","005Dm000000nnayIAA","","Adj to Retained Earn. - Accounting Change","2023-02-24T16:04:45.000Z","005Dm000000nnayIAA","2023-02-24T16:04:45.000Z","005Dm000000nnayIAA","","","","Accounting Grid (Other)","Adj_to_Retained_Earn_Accounting_Change_ACCTGRD"
"a3YDm000000GuA2MAK","005Dm000000nnayIAA","","Due from Officers/Stockholders - CP","2023-02-24T16:04:45.000Z","005Dm000000nnayIAA","2023-02-24T16:04:45.000Z","005Dm000000nnayIAA","","","","Accounting Grid (Balance Sheet)","Due_from_OfficersStockholders_CP_ACCTGRD"
"a3YDm000000GuA3MAK","005Dm000000nnayIAA","","Other Current Assets","2023-02-24T16:04:45.000Z","005Dm000000nnayIAA","2023-02-24T16:04:45.000Z","005Dm000000nnayIAA","","","","RMA Benchmarking","other_current_assets"
"a3YDm000000GuA4MAK","005Dm000000nnayIAA","","Raw Materials","2023-02-24T16:04:45.000Z","005Dm000000nnayIAA","2023-02-24T16:04:45.000Z","005Dm000000nnayIAA","","","","Accounting Grid (Balance Sheet)","Raw_Materials_ACCTGRD"
"a3YDm000000GuA5MAK","005Dm000000nnayIAA","","Due from Related Co - CP","2023-02-24T16:04:45.000Z","005Dm000000nnayIAA","2023-02-24T16:04:45.000Z","005Dm000000nnayIAA","","","","Accounting Grid (Balance Sheet)","Due_from_Related_Co_CP_ACCTGRD"
"a3YDm000000GuA6MAK","005Dm000000nnayIAA","","Work in Process","2023-02-24T16:04:45.000Z","005Dm000000nnayIAA","2023-02-24T16:04:45.000Z","005Dm000000nnayIAA","","","","Accounting Grid (Balance Sheet)","Work_in_Process_ACCTGRD"
"a3YDm000000GuA7MAK","005Dm000000nnayIAA","","Finished Goods","2023-02-24T16:04:45.000Z","005Dm000000nnayIAA","2023-02-24T16:04:45.000Z","005Dm000000nnayIAA","","","","Accounting Grid (Balance Sheet)","Finished_Goods_ACCTGRD"
"a3YDm000000GuA8MAK","005Dm000000nnayIAA","","Prepaids/Deferreds - CP","2023-02-24T16:04:45.000Z","005Dm000000nnayIAA","2023-02-24T16:04:45.000Z","005Dm000000nnayIAA","","","","Accounting Grid (Balance Sheet)","PrepaidsDeferreds_CP_ACCTGRD"
"a3YDm000000GuA9MAK","005Dm000000nnayIAA","","Other Operating Current Assets","2023-02-24T16:04:45.000Z","005Dm000000nnayIAA","2023-02-24T16:04:45.000Z","005Dm000000nnayIAA","","","","Accounting Grid (Balance Sheet)","Other_Operating_Current_Assets_ACCTGRD"
"a3YDm000000GuAAMA0","005Dm000000nnayIAA","","Derivative Assets - CP","2023-02-24T16:04:45.000Z","005Dm000000nnayIAA","2023-02-24T16:04:45.000Z","005Dm000000nnayIAA","","","","Accounting Grid (Balance Sheet)","Derivative_Assets_CP_ACCTGRD"
"a3YDm000000GuABMA0","005Dm000000nnayIAA","","Accounts Payable-Trade","2023-02-24T16:04:45.000Z","005Dm000000nnayIAA","2023-02-24T16:04:45.000Z","005Dm000000nnayIAA","","","","Accounting Grid (Balance Sheet)","Accounts_PayableTrade_ACCTGRD"
"a3YDm000000GuACMA0","005Dm000000nnayIAA","","Trade Payables","2023-02-24T16:04:45.000Z","005Dm000000nnayIAA","2023-02-24T16:04:45.000Z","005Dm000000nnayIAA","","","","RMA Benchmarking","trade_payables"
"a3YDm000000GuADMA0","005Dm000000nnayIAA","","Interest Payable","2023-02-24T16:04:45.000Z","005Dm000000nnayIAA","2023-02-24T16:04:45.000Z","005Dm000000nnayIAA","","","","Accounting Grid (Balance Sheet)","Interest_Payable_ACCTGRD"
"a3YDm000000GuAEMA0","005Dm000000nnayIAA","","Other Current Liabilities","2023-02-24T16:04:45.000Z","005Dm000000nnayIAA","2023-02-24T16:04:45.000Z","005Dm000000nnayIAA","","","","RMA Benchmarking","other_current_liabilities"
"a3YDm000000GuAFMA0","005Dm000000nnayIAA","","Other Non-Op Current Liabs","2023-02-24T16:04:45.000Z","005Dm000000nnayIAA","2023-02-24T16:04:45.000Z","005Dm000000nnayIAA","","","","Accounting Grid (Balance Sheet)","Other_NonOp_Current_Liabs_ACCTGRD"
"a3YDm000000GuAGMA0","005Dm000000nnayIAA","","Other Operating Current Liabs","2023-02-24T16:04:45.000Z","005Dm000000nnayIAA","2023-02-24T16:04:45.000Z","005Dm000000nnayIAA","","","","Accounting Grid (Balance Sheet)","Other_Operating_Current_Liabs_ACCTGRD"
"a3YDm000000GuAHMA0","005Dm000000nnayIAA","","Net Worth Actual","2023-02-24T16:04:45.000Z","005Dm000000nnayIAA","2023-02-24T16:04:45.000Z","005Dm000000nnayIAA","","","","Accounting Grid (Balance Sheet)","Net_WorthActual_ACCTGRD"
"a3YDm000000GuAIMA0","005Dm000000nnayIAA","","EBITDAR","2023-02-24T16:04:45.000Z","005Dm000000nnayIAA","2023-02-24T16:04:45.000Z","005Dm000000nnayIAA","","","","Accounting Grid (Ratios/Stats)","EBITDAR_ACCTGRD"
"a3YDm000000GuAJMA0","005Dm000000nnayIAA","","Capital Lease Obligations - CP","2023-02-24T16:04:45.000Z","005Dm000000nnayIAA","2023-02-24T16:04:45.000Z","005Dm000000nnayIAA","","","","Accounting Grid (Balance Sheet)","Capital_Lease_Obligations_CP_ACCTGRD"
"a3YDm000000GuAKMA0","005Dm000000nnayIAA","","CP - Subordinated Debt","2023-02-24T16:04:45.000Z","005Dm000000nnayIAA","2023-02-24T16:04:45.000Z","005Dm000000nnayIAA","","","","Accounting Grid (Balance Sheet)","CP_Subordinated_Debt_ACCTGRD"
"a3YDm000000GuALMA0","005Dm000000nnayIAA","","CPLTD-Other Unsecured","2023-02-24T16:04:45.000Z","005Dm000000nnayIAA","2023-02-24T16:04:45.000Z","005Dm000000nnayIAA","","","","Accounting Grid (Balance Sheet)","CPLTDOther_Unsecured_ACCTGRD"
"a3YDm000000GuAMMA0","005Dm000000nnayIAA","","ST Loans Payable-Other","2023-02-24T16:04:45.000Z","005Dm000000nnayIAA","2023-02-24T16:04:45.000Z","005Dm000000nnayIAA","","","","Accounting Grid (Balance Sheet)","ST_Loans_PayableOther_ACCTGRD"
"a3YDm000000GuANMA0","005Dm000000nnayIAA","","Loans from Related Co - CP","2023-02-24T16:04:45.000Z","005Dm000000nnayIAA","2023-02-24T16:04:45.000Z","005Dm000000nnayIAA","","","","Accounting Grid (Balance Sheet)","Loans_from_Related_Co_CP_ACCTGRD"
"a3YDm000000GuAOMA0","005Dm000000nnayIAA","","Other Accruals","2023-02-24T16:04:45.000Z","005Dm000000nnayIAA","2023-02-24T16:04:45.000Z","005Dm000000nnayIAA","","","","Accounting Grid (Balance Sheet)","Other_Accruals_ACCTGRD"
"a3YDm000000GuAPMA0","005Dm000000nnayIAA","","Dividends Payable","2023-02-24T16:04:45.000Z","005Dm000000nnayIAA","2023-02-24T16:04:45.000Z","005Dm000000nnayIAA","","","","Accounting Grid (Balance Sheet)","Dividends_Payable_ACCTGRD"
"a3YDm000000GuAQMA0","005Dm000000nnayIAA","","Deferred Fed Inc Tax - CP","2023-02-24T16:04:45.000Z","005Dm000000nnayIAA","2023-02-24T16:04:45.000Z","005Dm000000nnayIAA","","","","Accounting Grid (Balance Sheet)","Deferred_Fed_Inc_Tax_CP_ACCTGRD"
"a3YDm000000GuARMA0","005Dm000000nnayIAA","","Overdrafts - Book","2023-02-24T16:04:45.000Z","005Dm000000nnayIAA","2023-02-24T16:04:45.000Z","005Dm000000nnayIAA","","","","Accounting Grid (Balance Sheet)","Overdrafts_Book_ACCTGRD"
"a3YDm000000GuASMA0","005Dm000000nnayIAA","","Revolving Line of Credit","2023-02-24T16:04:45.000Z","005Dm000000nnayIAA","2023-02-24T16:04:45.000Z","005Dm000000nnayIAA","","","","Accounting Grid (Balance Sheet)","Revolving_Line_of_Credit_ACCTGRD"
"a3YDm000000GuATMA0","005Dm000000nnayIAA","","CPLTD-Other Secured","2023-02-24T16:04:45.000Z","005Dm000000nnayIAA","2023-02-24T16:04:45.000Z","005Dm000000nnayIAA","","","","Accounting Grid (Balance Sheet)","CPLTDOther_Secured_ACCTGRD"
"a3YDm000000GuAUMA0","005Dm000000nnayIAA","","Borrowed Funds to Eff TNW","2023-02-24T16:04:45.000Z","005Dm000000nnayIAA","2023-02-24T16:04:45.000Z","005Dm000000nnayIAA","","","","Accounting Grid (Ratios/Stats)","Borrowed_Funds_to_Eff_TNW_ACCTGRD"
"a3YDm000000GuAVMA0","005Dm000000nnayIAA","","UCA CFC (PP CPLTD)","2023-02-24T16:04:45.000Z","005Dm000000nnayIAA","2023-02-24T16:04:45.000Z","005Dm000000nnayIAA","","","","Accounting Grid (Ratios/Stats)","UCA_CFC_PP_CPLTD_ACCTGRD"
"a3YDm000000GuAWMA0","005Dm000000nnayIAA","","Proforma CFC (TCF)","2023-02-24T16:04:45.000Z","005Dm000000nnayIAA","2023-02-24T16:04:45.000Z","005Dm000000nnayIAA","","","","Accounting Grid (Ratios/Stats)","Proforma_CFC_TCF_ACCTGRD"
"a3YDm000000GuAXMA0","005Dm000000nnayIAA","","NI+Depr+Amort-Divs / PP CPLTD","2023-02-24T16:04:45.000Z","005Dm000000nnayIAA","2023-02-24T16:04:45.000Z","005Dm000000nnayIAA","","","","Accounting Grid (Ratios/Stats)","NIDeprAmortDivs_PP_CPLTD_ACCTGRD"
"a3YDm000000GuAYMA0","005Dm000000nnayIAA","","Due to Officers/Stkhldrs - CP","2023-02-24T16:04:45.000Z","005Dm000000nnayIAA","2023-02-24T16:04:45.000Z","005Dm000000nnayIAA","","","","Accounting Grid (Balance Sheet)","Due_to_OfficersStkhldrs_CP_ACCTGRD"
"a3YDm000000GuAZMA0","005Dm000000nnayIAA","","Due to Related Co - CP","2023-02-24T16:04:45.000Z","005Dm000000nnayIAA","2023-02-24T16:04:45.000Z","005Dm000000nnayIAA","","","","Accounting Grid (Balance Sheet)","Due_to_Related_Co_CP_ACCTGRD"
"a3YDm000000GuAaMAK","005Dm000000nnayIAA","","Other Accounts Payable","2023-02-24T16:04:45.000Z","005Dm000000nnayIAA","2023-02-24T16:04:45.000Z","005Dm000000nnayIAA","","","","Accounting Grid (Balance Sheet)","Other_Accounts_Payable_ACCTGRD"
"a3YDm000000GuAbMAK","005Dm000000nnayIAA","","Accrued Payroll Taxes","2023-02-24T16:04:45.000Z","005Dm000000nnayIAA","2023-02-24T16:04:45.000Z","005Dm000000nnayIAA","","","","Accounting Grid (Balance Sheet)","Accrued_Payroll_Taxes_ACCTGRD"
"a3YDm000000GuAcMAK","005Dm000000nnayIAA","","Inventory Days on Hand","2023-02-24T16:04:45.000Z","005Dm000000nnayIAA","2023-02-24T16:04:45.000Z","005Dm000000nnayIAA","","","","Accounting Grid (Ratios/Stats)","Inventory_Days_on_Hand_ACCTGRD"
"a3YDm000000GuAdMAK","005Dm000000nnayIAA","","Net Accounts Receivable Days","2023-02-24T16:04:45.000Z","005Dm000000nnayIAA","2023-02-24T16:04:45.000Z","005Dm000000nnayIAA","","","","Accounting Grid (Ratios/Stats)","Net_Accounts_Receivable_Days_ACCTGRD"
"a3YDm000000GuAeMAK","005Dm000000nnayIAA","","CAPEX","2023-02-24T16:04:45.000Z","005Dm000000nnayIAA","2023-02-24T16:04:45.000Z","005Dm000000nnayIAA","","","","Accounting Grid (Ratios/Stats)","CAPEX_ACCTGRD"
"a3YDm000000GuAfMAK","005Dm000000nnayIAA","","Accounts Pay Days (excl Depr)","2023-02-24T16:04:45.000Z","005Dm000000nnayIAA","2023-02-24T16:04:45.000Z","005Dm000000nnayIAA","","","","Accounting Grid (Ratios/Stats)","Accounts_Pay_Days_excl_Depr_ACCTGRD"
"a3YDm000000GuAgMAK","005Dm000000nnayIAA","","Other Due from Related Co - LTP","2023-02-24T16:04:45.000Z","005Dm000000nnayIAA","2023-02-24T16:04:45.000Z","005Dm000000nnayIAA","","","","Accounting Grid (Balance Sheet)","Other_Due_from_Related_Co_LTP_ACCTGRD"
"a3YDm000000GuAhMAK","005Dm000000nnayIAA","","Wages/Salaries Payable","2023-02-24T16:04:45.000Z","005Dm000000nnayIAA","2023-02-24T16:04:45.000Z","005Dm000000nnayIAA","","","","Accounting Grid (Balance Sheet)","WagesSalaries_Payable_ACCTGRD"
"a3YDm000000GuAiMAK","005Dm000000nnayIAA","","Securities Avail for Sale","2023-02-24T16:04:45.000Z","005Dm000000nnayIAA","2023-02-24T16:04:45.000Z","005Dm000000nnayIAA","","","","Accounting Grid (Balance Sheet)","Securities_Avail_for_Sale_ACCTGRD"
"a3YDm000000GuAjMAK","005Dm000000nnayIAA","","Other Non-Op Current Assets","2023-02-24T16:04:45.000Z","005Dm000000nnayIAA","2023-02-24T16:04:45.000Z","005Dm000000nnayIAA","","","","Accounting Grid (Balance Sheet)","Other_NonOp_Current_Assets_ACCTGRD"
"a3YDm000000GuAkMAK","005Dm000000nnayIAA","","Land","2023-02-24T16:04:45.000Z","005Dm000000nnayIAA","2023-02-24T16:04:45.000Z","005Dm000000nnayIAA","","","","Accounting Grid (Balance Sheet)","Land_ACCTGRD"
"a3YDm000000GuAlMAK","005Dm000000nnayIAA","","Land","2023-02-24T16:04:45.000Z","005Dm000000nnayIAA","2023-02-24T16:04:45.000Z","005Dm000000nnayIAA","","","","RMA Benchmarking","land"
"a3YDm000000GuAmMAK","005Dm000000nnayIAA","","Construction in Progress","2023-02-24T16:04:45.000Z","005Dm000000nnayIAA","2023-02-24T16:04:45.000Z","005Dm000000nnayIAA","","","","Accounting Grid (Balance Sheet)","Construction_in_Progress_ACCTGRD"
"a3YDm000000GuAnMAK","005Dm000000nnayIAA","","Leasehold Improvements","2023-02-24T16:04:45.000Z","005Dm000000nnayIAA","2023-02-24T16:04:45.000Z","005Dm000000nnayIAA","","","","Accounting Grid (Balance Sheet)","Leasehold_Improvements_ACCTGRD"
"a3YDm000000GuAoMAK","005Dm000000nnayIAA","","Capital Leases","2023-02-24T16:04:45.000Z","005Dm000000nnayIAA","2023-02-24T16:04:45.000Z","005Dm000000nnayIAA","","","","Accounting Grid (Balance Sheet)","Capital_Leases_ACCTGRD"
"a3YDm000000GuApMAK","005Dm000000nnayIAA","","Accounts/Notes Rec - LTP","2023-02-24T16:04:45.000Z","005Dm000000nnayIAA","2023-02-24T16:04:45.000Z","005Dm000000nnayIAA","","","","Accounting Grid (Balance Sheet)","AccountsNotes_Rec_LTP_ACCTGRD"
"a3YDm000000GuAqMAK","005Dm000000nnayIAA","","Profit Sharing Plan Contribution","2023-02-24T16:04:45.000Z","005Dm000000nnayIAA","2023-02-24T16:04:45.000Z","005Dm000000nnayIAA","","","","Accounting Grid (Balance Sheet)","Profit_Sharing_Plan_Contribution_ACCTGRD"
"a3YDm000000GuArMAK","005Dm000000nnayIAA","","Bonuses Payable","2023-02-24T16:04:45.000Z","005Dm000000nnayIAA","2023-02-24T16:04:45.000Z","005Dm000000nnayIAA","","","","Accounting Grid (Balance Sheet)","Bonuses_Payable_ACCTGRD"
"a3YDm000000GuAsMAK","005Dm000000nnayIAA","","Income Taxes Payable","2023-02-24T16:04:45.000Z","005Dm000000nnayIAA","2023-02-24T16:04:45.000Z","005Dm000000nnayIAA","","","","Accounting Grid (Balance Sheet)","Income_Taxes_Payable_ACCTGRD"
"a3YDm000000GuAtMAK","005Dm000000nnayIAA","","Income Taxes Payable","2023-02-24T16:04:45.000Z","005Dm000000nnayIAA","2023-02-24T16:04:45.000Z","005Dm000000nnayIAA","","","","RMA Benchmarking","income_taxes_payable"
"a3YDm000000GuAuMAK","005Dm000000nnayIAA","","Other Taxes Payable","2023-02-24T16:04:45.000Z","005Dm000000nnayIAA","2023-02-24T16:04:45.000Z","005Dm000000nnayIAA","","","","Accounting Grid (Balance Sheet)","Other_Taxes_Payable_ACCTGRD"
"a3YDm000000GuAvMAK","005Dm000000nnayIAA","","Billings in Excess of Costs","2023-02-24T16:04:45.000Z","005Dm000000nnayIAA","2023-02-24T16:04:45.000Z","005Dm000000nnayIAA","","","","Accounting Grid (Balance Sheet)","Billings_in_Excess_of_Costs_ACCTGRD"
"a3YDm000000GuAwMAK","005Dm000000nnayIAA","","CAPEX / Depreciation Expense","2023-02-24T16:04:45.000Z","005Dm000000nnayIAA","2023-02-24T16:04:45.000Z","005Dm000000nnayIAA","","","","Accounting Grid (Ratios/Stats)","CAPEX_Depreciation_Expense_ACCTGRD"
"a3YDm000000GuAxMAK","005Dm000000nnayIAA","","Other Accounts Receivable - CP","2023-02-24T16:04:45.000Z","005Dm000000nnayIAA","2023-02-24T16:04:45.000Z","005Dm000000nnayIAA","","","","Accounting Grid (Balance Sheet)","Other_Accounts_Receivable_CP_ACCTGRD"
"a3YDm000000GuAyMAK","005Dm000000nnayIAA","","Notes Receivable - CP","2023-02-24T16:04:45.000Z","005Dm000000nnayIAA","2023-02-24T16:04:45.000Z","005Dm000000nnayIAA","","","","Accounting Grid (Balance Sheet)","Notes_Rec_CP_ACCTGRD"
"a3YDm000000GuAzMAK","005Dm000000nnayIAA","","Other Receivables - CP","2023-02-24T16:04:45.000Z","005Dm000000nnayIAA","2023-02-24T16:04:45.000Z","005Dm000000nnayIAA","","","","Accounting Grid (Balance Sheet)","Other_Receivables_CP_ACCTGRD"
"a3YDm000000GuB0MAK","005Dm000000nnayIAA","","Extraordinary Gain","2023-02-24T16:04:45.000Z","005Dm000000nnayIAA","2023-02-24T16:04:45.000Z","005Dm000000nnayIAA","","","","Accounting Grid (Income Statement)","Extraordinary_Gain_ACCTGRD"
"a3YDm000000GuB1MAK","005Dm000000nnayIAA","","Extraordinary Loss","2023-02-24T16:04:45.000Z","005Dm000000nnayIAA","2023-02-24T16:04:45.000Z","005Dm000000nnayIAA","","","","Accounting Grid (Income Statement)","Extraordinary_Loss_ACCTGRD"
"a3YDm000000GuB2MAK","005Dm000000nnayIAA","","Other Extraordinary Item","2023-02-24T16:04:45.000Z","005Dm000000nnayIAA","2023-02-24T16:04:45.000Z","005Dm000000nnayIAA","","","","Accounting Grid (Income Statement)","Other_Extraordinary_Item_ACCTGRD"
"a3YDm000000GuB3MAK","005Dm000000nnayIAA","","Cash","2023-02-24T16:04:45.000Z","005Dm000000nnayIAA","2023-02-24T16:04:45.000Z","005Dm000000nnayIAA","","","","Accounting Grid (Balance Sheet)","Cash_ACCTGRD"
"a3YDm000000GuB4MAK","005Dm000000nnayIAA","","Cash","2023-02-24T16:04:45.000Z","005Dm000000nnayIAA","2023-02-24T16:04:45.000Z","005Dm000000nnayIAA","","","","RMA Benchmarking","cash"
"a3YDm000000GuB5MAK","005Dm000000nnayIAA","","Personnel Expense","2023-02-24T16:04:45.000Z","005Dm000000nnayIAA","2023-02-24T16:04:45.000Z","005Dm000000nnayIAA","","","","Accounting Grid (Income Statement)","Personnel_Expense_ACCTGRD"
"a3YDm000000GuB6MAK","005Dm000000nnayIAA","","Marketable Securities","2023-02-24T16:04:45.000Z","005Dm000000nnayIAA","2023-02-24T16:04:45.000Z","005Dm000000nnayIAA","","","","Accounting Grid (Balance Sheet)","Marketable_Securities_ACCTGRD"
"a3YDm000000GuB7MAK","005Dm000000nnayIAA","","Marketable Securities","2023-02-24T16:04:45.000Z","005Dm000000nnayIAA","2023-02-24T16:04:45.000Z","005Dm000000nnayIAA","","","","RMA Benchmarking","marketable_securities"
"a3YDm000000GuB8MAK","005Dm000000nnayIAA","","(TCF) Contributions","2023-02-24T16:04:45.000Z","005Dm000000nnayIAA","2023-02-24T16:04:45.000Z","005Dm000000nnayIAA","","","","Accounting Grid (Cash Flows)","TCF_Contributions_ACCTGRD"
"a3YDm000000GuB9MAK","005Dm000000nnayIAA","","(TCF) Manual Adjust - CF Available To Service Debt","2023-02-24T16:04:45.000Z","005Dm000000nnayIAA","2023-02-24T16:04:45.000Z","005Dm000000nnayIAA","","","","Accounting Grid (Cash Flows)","TCF_Manual_Adjust_CF_Available_To_Service_Debt_ACCTGRD"
"a3YDm000000GuBAMA0","005Dm000000nnayIAA","","Loans to Related Co - CP","2023-02-24T16:04:45.000Z","005Dm000000nnayIAA","2023-02-24T16:04:45.000Z","005Dm000000nnayIAA","","","","Accounting Grid (Balance Sheet)","Loans_to_Related_Co_CP_ACCTGRD"
"a3YDm000000GuBBMA0","005Dm000000nnayIAA","","Income Tax Receivable","2023-02-24T16:04:45.000Z","005Dm000000nnayIAA","2023-02-24T16:04:45.000Z","005Dm000000nnayIAA","","","","Accounting Grid (Balance Sheet)","Income_Tax_Receivable_ACCTGRD"
"a3YDm000000GuBCMA0","005Dm000000nnayIAA","","Costs in Excess of Billings","2023-02-24T16:04:45.000Z","005Dm000000nnayIAA","2023-02-24T16:04:45.000Z","005Dm000000nnayIAA","","","","Accounting Grid (Balance Sheet)","Costs_in_Excess_of_Billings_ACCTGRD"
"a3YDm000000GuBDMA0","005Dm000000nnayIAA","","Def Inc Tax Recover - CP","2023-02-24T16:04:45.000Z","005Dm000000nnayIAA","2023-02-24T16:04:45.000Z","005Dm000000nnayIAA","","","","Accounting Grid (Balance Sheet)","Def_Inc_Tax_Recover_CP_ACCTGRD"
"a3YDm000000GuBEMA0","005Dm000000nnayIAA","","Loans from Related Co - LTP","2023-02-24T16:04:45.000Z","005Dm000000nnayIAA","2023-02-24T16:04:45.000Z","005Dm000000nnayIAA","","","","Accounting Grid (Balance Sheet)","Loans_from_Related_Co_LTP_ACCTGRD"
"a3YDm000000GuBFMA0","005Dm000000nnayIAA","","Subordinated Debt-Liab","2023-02-24T16:04:45.000Z","005Dm000000nnayIAA","2023-02-24T16:04:45.000Z","005Dm000000nnayIAA","","","","Accounting Grid (Balance Sheet)","Subordinated_DebtLiab_ACCTGRD"
"a3YDm000000GuBGMA0","005Dm000000nnayIAA","","Return on Assets","2023-02-24T16:04:45.000Z","005Dm000000nnayIAA","2023-02-24T16:04:45.000Z","005Dm000000nnayIAA","","","","Accounting Grid (Ratios/Stats)","Return_on_Assets_ACCTGRD"
"a3YDm000000GuBHMA0","005Dm000000nnayIAA","","Return on Equity","2023-02-24T16:04:45.000Z","005Dm000000nnayIAA","2023-02-24T16:04:45.000Z","005Dm000000nnayIAA","","","","Accounting Grid (Ratios/Stats)","Return_on_Equity_ACCTGRD"
"a3YDm000000GuBIMA0","005Dm000000nnayIAA","","Amortization Expense","2023-02-24T16:04:45.000Z","005Dm000000nnayIAA","2023-02-24T16:04:45.000Z","005Dm000000nnayIAA","","","","Accounting Grid (Income Statement)","Amortization_Expense_ACCTGRD"
"a3YDm000000GuBJMA0","005Dm000000nnayIAA","","Amortization","2023-02-24T16:04:45.000Z","005Dm000000nnayIAA","2023-02-24T16:04:45.000Z","005Dm000000nnayIAA","","","","RMA Benchmarking","amortization"
"a3YDm000000GuBKMA0","005Dm000000nnayIAA","","Depreciation Expense","2023-02-24T16:04:45.000Z","005Dm000000nnayIAA","2023-02-24T16:04:45.000Z","005Dm000000nnayIAA","","","","Accounting Grid (Income Statement)","Depreciation_Expense_ACCTGRD"
"a3YDm000000GuBLMA0","005Dm000000nnayIAA","","Depreciation","2023-02-24T16:04:45.000Z","005Dm000000nnayIAA","2023-02-24T16:04:45.000Z","005Dm000000nnayIAA","","","","RMA Benchmarking","depreciation"
"a3YDm000000GuBMMA0","005Dm000000nnayIAA","","Asset Impairment","2023-02-24T16:04:45.000Z","005Dm000000nnayIAA","2023-02-24T16:04:45.000Z","005Dm000000nnayIAA","","","","Accounting Grid (Income Statement)","Asset_Impairment_ACCTGRD"
"a3YDm000000GuBNMA0","005Dm000000nnayIAA","","Other Accounts/Notes Rec - LTP","2023-02-24T16:04:45.000Z","005Dm000000nnayIAA","2023-02-24T16:04:45.000Z","005Dm000000nnayIAA","","","","Accounting Grid (Balance Sheet)","Other_AccountsNotes_Rec_LTP_ACCTGRD"
"a3YDm000000GuBOMA0","005Dm000000nnayIAA","","Due from Officers/Stkhldr LTP","2023-02-24T16:04:45.000Z","005Dm000000nnayIAA","2023-02-24T16:04:45.000Z","005Dm000000nnayIAA","","","","Accounting Grid (Balance Sheet)","Due_from_OfficersStkhldr_LTP_ACCTGRD"
"a3YDm000000GuBPMA0","005Dm000000nnayIAA","","Due from Related Co - LTP","2023-02-24T16:04:45.000Z","005Dm000000nnayIAA","2023-02-24T16:04:45.000Z","005Dm000000nnayIAA","","","","Accounting Grid (Balance Sheet)","Due_from_Related_Co_LTP_ACCTGRD"
"a3YDm000000GuBQMA0","005Dm000000nnayIAA","","Prepaids/Deferreds - LTP","2023-02-24T16:04:45.000Z","005Dm000000nnayIAA","2023-02-24T16:04:45.000Z","005Dm000000nnayIAA","","","","Accounting Grid (Balance Sheet)","PrepaidsDeferreds_LTP_ACCTGRD"
"a3YDm000000GuBRMA0","005Dm000000nnayIAA","","(TCF) Rent/Lease Add Back","2023-02-24T16:04:45.000Z","005Dm000000nnayIAA","2023-02-24T16:04:45.000Z","005Dm000000nnayIAA","","","","Accounting Grid (Cash Flows)","TCF_RentLease_Add_Back_ACCTGRD"
"a3YDm000000GuBSMA0","005Dm000000nnayIAA","","Historical CFC (TCF)","2023-02-24T16:04:45.000Z","005Dm000000nnayIAA","2023-02-24T16:04:45.000Z","005Dm000000nnayIAA","","","","Accounting Grid (Ratios/Stats)","Historical_CFC_TCF_ACCTGRD"
"a3YDm000000GuBTMA0","005Dm000000nnayIAA","","Accum Deprec & Impairment","2023-02-24T16:04:45.000Z","005Dm000000nnayIAA","2023-02-24T16:04:45.000Z","005Dm000000nnayIAA","","","","Accounting Grid (Balance Sheet)","Accum_Deprec_Impairment_ACCTGRD"
"a3YDm000000GuBUMA0","005Dm000000nnayIAA","","Accumulated Depreciation","2023-02-24T16:04:45.000Z","005Dm000000nnayIAA","2023-02-24T16:04:45.000Z","005Dm000000nnayIAA","","","","RMA Benchmarking","accumulated_depreciation"
"a3YDm000000GuBVMA0","005Dm000000nnayIAA","","Loans to Related Co - LTP","2023-02-24T16:04:45.000Z","005Dm000000nnayIAA","2023-02-24T16:04:45.000Z","005Dm000000nnayIAA","","","","Accounting Grid (Balance Sheet)","Loans_to_Related_Co_LTP_ACCTGRD"
"a3YDm000000GuBWMA0","005Dm000000nnayIAA","","Accumulated Amortization","2023-02-24T16:04:45.000Z","005Dm000000nnayIAA","2023-02-24T16:04:45.000Z","005Dm000000nnayIAA","","","","RMA Benchmarking","accumulated_amortization"
"a3YDm000000GuBXMA0","005Dm000000nnayIAA","","Accum Amort & Impairment","2023-02-24T16:04:45.000Z","005Dm000000nnayIAA","2023-02-24T16:04:45.000Z","005Dm000000nnayIAA","","","","Accounting Grid (Balance Sheet)","Accum_Amort_Impairment_ACCTGRD"
"a3YDm000000GuBYMA0","005Dm000000nnayIAA","","Buildings & Improvements","2023-02-24T16:04:45.000Z","005Dm000000nnayIAA","2023-02-24T16:04:45.000Z","005Dm000000nnayIAA","","","","Accounting Grid (Balance Sheet)","Buildings_Improvements_ACCTGRD"
"a3YDm000000GuBZMA0","005Dm000000nnayIAA","","Furniture & Fixtures","2023-02-24T16:04:45.000Z","005Dm000000nnayIAA","2023-02-24T16:04:45.000Z","005Dm000000nnayIAA","","","","Accounting Grid (Balance Sheet)","Furniture_Fixtures_ACCTGRD"
"a3YDm000000GuBaMAK","005Dm000000nnayIAA","","Def Inc Tax Recover - LTP","2023-02-24T16:04:45.000Z","005Dm000000nnayIAA","2023-02-24T16:04:45.000Z","005Dm000000nnayIAA","","","","Accounting Grid (Balance Sheet)","Def_Inc_Tax_Recover_LTP_ACCTGRD"
"a3YDm000000GuBbMAK","005Dm000000nnayIAA","","Long Term Debt-Other Unsec","2023-02-24T16:04:45.000Z","005Dm000000nnayIAA","2023-02-24T16:04:45.000Z","005Dm000000nnayIAA","","","","Accounting Grid (Balance Sheet)","Long_Term_DebtOther_Unsec_ACCTGRD"
"a3YDm000000GuBcMAK","005Dm000000nnayIAA","","Capital Lease Obligations - LTP","2023-02-24T16:04:45.000Z","005Dm000000nnayIAA","2023-02-24T16:04:45.000Z","005Dm000000nnayIAA","","","","Accounting Grid (Balance Sheet)","Capital_Lease_Obligations_LTP_ACCTGRD"
"a3YDm000000GuBdMAK","005Dm000000nnayIAA","","Long Term Debt-Other Sec","2023-02-24T16:04:45.000Z","005Dm000000nnayIAA","2023-02-24T16:04:45.000Z","005Dm000000nnayIAA","","","","Accounting Grid (Balance Sheet)","Long_Term_DebtOther_Sec_ACCTGRD"
"a3YDm000000GuBeMAK","005Dm000000nnayIAA","","Days In Period","2023-02-24T16:04:45.000Z","005Dm000000nnayIAA","2023-02-24T16:04:45.000Z","005Dm000000nnayIAA","","","","Accounting Grid (Other)","Days_In_Period_ACCTGRD"
"a3YDm000000GuBfMAK","005Dm000000nnayIAA","","Prior Period Total Assets","2023-02-24T16:04:45.000Z","005Dm000000nnayIAA","2023-02-24T16:04:45.000Z","005Dm000000nnayIAA","","","","Accounting Grid (Balance Sheet)","Prior_Period_Total_Assets_ACCTGRD"
"a3YDm000000GuBgMAK","005Dm000000nnayIAA","","Prior Period Total Liabilities","2023-02-24T16:04:45.000Z","005Dm000000nnayIAA","2023-02-24T16:04:45.000Z","005Dm000000nnayIAA","","","","Accounting Grid (Balance Sheet)","Prior_Period_Total_Liabilities_ACCTGRD"
"a3YDm000000GuBhMAK","005Dm000000nnayIAA","","Prior Period Net Worth","2023-02-24T16:04:45.000Z","005Dm000000nnayIAA","2023-02-24T16:04:45.000Z","005Dm000000nnayIAA","","","","Accounting Grid (Balance Sheet)","Prior_Period_Net_Worth_ACCTGRD"
"a3YDm000000GuBiMAK","005Dm000000nnayIAA","","Deferred Interest","2023-02-24T16:04:45.000Z","005Dm000000nnayIAA","2023-02-24T16:04:45.000Z","005Dm000000nnayIAA","","","","Accounting Grid (Balance Sheet)","Deferred_Interest_ACCTGRD"
"a3YDm000000GuBjMAK","005Dm000000nnayIAA","","Minority Interest-Liab","2023-02-24T16:04:45.000Z","005Dm000000nnayIAA","2023-02-24T16:04:45.000Z","005Dm000000nnayIAA","","","","Accounting Grid (Balance Sheet)","Minority_InterestLiab_ACCTGRD"
"a3YDm000000GuBkMAK","005Dm000000nnayIAA","","Manual Input - PFY Net Worth","2023-02-24T16:04:45.000Z","005Dm000000nnayIAA","2023-02-24T16:04:45.000Z","005Dm000000nnayIAA","","","","Accounting Grid (Other)","Manual_Input_PFY_Net_Worth_ACCTGRD"
"a3YDm000000GuBlMAK","005Dm000000nnayIAA","","Interest Income","2023-02-24T16:04:45.000Z","005Dm000000nnayIAA","2023-02-24T16:04:45.000Z","005Dm000000nnayIAA","","","","Accounting Grid (Income Statement)","Interest_Income_ACCTGRD"
"a3YDm000000GuBmMAK","005Dm000000nnayIAA","","Prior Period CPLTD Total","2023-02-24T16:04:45.000Z","005Dm000000nnayIAA","2023-02-24T16:04:45.000Z","005Dm000000nnayIAA","","","","Accounting Grid (Balance Sheet)","Prior_Period_CPLTD_Total_ACCTGRD"
"a3YDm000000GuBnMAK","005Dm000000nnayIAA","","Working Capital","2023-02-24T16:04:45.000Z","005Dm000000nnayIAA","2023-02-24T16:04:45.000Z","005Dm000000nnayIAA","","","","Accounting Grid (Ratios/Stats)","Working_Capital_ACCTGRD"
"a3YDm000000GuBoMAK","005Dm000000nnayIAA","","Cost of Sales - Deprec & Impairment","2023-02-24T16:04:45.000Z","005Dm000000nnayIAA","2023-02-24T16:04:45.000Z","005Dm000000nnayIAA","","","","Accounting Grid (Income Statement)","Cost_of_Sales_Deprec_Impairment_ACCTGRD"
"a3YDm000000GuBpMAK","005Dm000000nnayIAA","","Lease/Rent Expense","2023-02-24T16:04:45.000Z","005Dm000000nnayIAA","2023-02-24T16:04:45.000Z","005Dm000000nnayIAA","","","","Accounting Grid (Income Statement)","LeaseRent_Expense_ACCTGRD"
"a3YDm000000GuBqMAK","005Dm000000nnayIAA","","Sch. C - Other Income","2023-02-24T16:04:45.000Z","005Dm000000nnayIAA","2023-02-24T16:04:45.000Z","005Dm000000nnayIAA","","","","Accounting Grid (Individual)","Sch_C_Other_Income_ACCTGRD"
"a3YDm000000GuBrMAK","005Dm000000nnayIAA","","Sch. C - Other Interest Expense","2023-02-24T16:04:45.000Z","005Dm000000nnayIAA","2023-02-24T16:04:45.000Z","005Dm000000nnayIAA","","","","Accounting Grid (Individual)","Sch_C_Other_Interest_Expense_ACCTGRD"
"a3YDm000000GuBsMAK","005Dm000000nnayIAA","","Sch. C - Amortization Expense","2023-02-24T16:04:45.000Z","005Dm000000nnayIAA","2023-02-24T16:04:45.000Z","005Dm000000nnayIAA","","","","Accounting Grid (Individual)","Sch_C_Amortization_Expense_ACCTGRD"
"a3YDm000000GuBtMAK","005Dm000000nnayIAA","","EBIDA","2023-02-24T16:04:45.000Z","005Dm000000nnayIAA","2023-02-24T16:04:45.000Z","005Dm000000nnayIAA","","","","Accounting Grid (Ratios/Stats)","EBIDA_ACCTGRD"
"a3YDm000000GuBuMAK","005Dm000000nnayIAA","","Officers' Compensation","2023-02-24T16:04:45.000Z","005Dm000000nnayIAA","2023-02-24T16:04:45.000Z","005Dm000000nnayIAA","","","","Accounting Grid (Income Statement)","Officers_Compensation_ACCTGRD"
"a3YDm000000GuBvMAK","005Dm000000nnayIAA","","Officers', Directors', Owners' Compensation","2023-02-24T16:04:45.000Z","005Dm000000nnayIAA","2023-02-24T16:04:45.000Z","005Dm000000nnayIAA","","","","RMA Benchmarking","officers_directors_owners_compensation"
"a3YDm000000GuBwMAK","005Dm000000nnayIAA","","Bad Debt Expense","2023-02-24T16:04:45.000Z","005Dm000000nnayIAA","2023-02-24T16:04:45.000Z","005Dm000000nnayIAA","","","","Accounting Grid (Income Statement)","Bad_Debt_Expense_ACCTGRD"
"a3YDm000000GuBxMAK","005Dm000000nnayIAA","","Sch. E - Amortization","2023-02-24T16:04:45.000Z","005Dm000000nnayIAA","2023-02-24T16:04:45.000Z","005Dm000000nnayIAA","","","","Accounting Grid (Individual)","Sch_E_ Amortization_ACCTGRD"
"a3YDm000000GuByMAK","005Dm000000nnayIAA","","Sch. F - Other Income","2023-02-24T16:04:45.000Z","005Dm000000nnayIAA","2023-02-24T16:04:45.000Z","005Dm000000nnayIAA","","","","Accounting Grid (Individual)","Sch_F_Other_Income_ACCTGRD"
"a3YDm000000GuBzMAK","005Dm000000nnayIAA","","EBITDA","2023-02-24T16:04:45.000Z","005Dm000000nnayIAA","2023-02-24T16:04:45.000Z","005Dm000000nnayIAA","","","","Accounting Grid (Ratios/Stats)","EBITDA_ACCTGRD"
"a3YDm000000GuC0MAK","005Dm000000nnayIAA","","Net Margin","2023-02-24T16:04:45.000Z","005Dm000000nnayIAA","2023-02-24T16:04:45.000Z","005Dm000000nnayIAA","","","","Accounting Grid (Ratios/Stats)","Net_Margin_ACCTGRD"
"a3YDm000000GuC1MAK","005Dm000000nnayIAA","","Sch. F - Interest Expense","2023-02-24T16:04:45.000Z","005Dm000000nnayIAA","2023-02-24T16:04:45.000Z","005Dm000000nnayIAA","","","","Accounting Grid (Individual)","Sch_F_Interest_Expense_ACCTGRD"
"a3YDm000000GuC2MAK","005Dm000000nnayIAA","","Sch. F - Amortization Expense","2023-02-24T16:04:45.000Z","005Dm000000nnayIAA","2023-02-24T16:04:45.000Z","005Dm000000nnayIAA","","","","Accounting Grid (Individual)","Sch_F_Amortization_Expense_ACCTGRD"
"a3YDm000000GuC3MAK","005Dm000000nnayIAA","","Chg Net Fixed Assets","2023-02-24T16:04:45.000Z","005Dm000000nnayIAA","2023-02-24T16:04:45.000Z","005Dm000000nnayIAA","","","","Accounting Grid (Balance Sheet)","Chg_Net_Fixed_Assets_ACCTGRD"
"a3YDm000000GuC4MAK","005Dm000000nnayIAA","","EBT","2023-02-24T16:04:45.000Z","005Dm000000nnayIAA","2023-02-24T16:04:45.000Z","005Dm000000nnayIAA","","","","Accounting Grid (Ratios/Stats)","EBT_ACCTGRD"
"a3YDm000000GuC5MAK","005Dm000000nnayIAA","","Selling Expense","2023-02-24T16:04:45.000Z","005Dm000000nnayIAA","2023-02-24T16:04:45.000Z","005Dm000000nnayIAA","","","","Accounting Grid (Income Statement)","Selling_Expense_ACCTGRD"
"a3YDm000000GuC6MAK","005Dm000000nnayIAA","","Accounts Payable Days","2023-02-24T16:04:45.000Z","005Dm000000nnayIAA","2023-02-24T16:04:45.000Z","005Dm000000nnayIAA","","","","Accounting Grid (Ratios/Stats)","Accounts_Payable_Days_ACCTGRD"
"a3YDm000000GuC7MAK","005Dm000000nnayIAA","","Buildings","2023-02-24T16:04:45.000Z","005Dm000000nnayIAA","2023-02-24T16:04:45.000Z","005Dm000000nnayIAA","","","","RMA Benchmarking","buildings"
"a3YDm000000GuC8MAK","005Dm000000nnayIAA","","Total Changes in Equity Accounts","2023-02-24T16:04:45.000Z","005Dm000000nnayIAA","2023-02-24T16:04:45.000Z","005Dm000000nnayIAA","","","","Accounting Grid (Other)","Total_Changes_in_Equity_Accounts_ACCTGRD"
"a3YDm000000GuC9MAK","005Dm000000nnayIAA","","Total Change in Net Worth","2023-02-24T16:04:45.000Z","005Dm000000nnayIAA","2023-02-24T16:04:45.000Z","005Dm000000nnayIAA","","","","Accounting Grid (Other)","Total_Change_in_Net_Worth_ACCTGRD"
"a3YDm000000GuCAMA0","005Dm000000nnayIAA","","Unexplained Difference","2023-02-24T16:04:45.000Z","005Dm000000nnayIAA","2023-02-24T16:04:45.000Z","005Dm000000nnayIAA","","","","Accounting Grid (Other)","Unexplained_Difference_ACCTGRD"
"a3YDm000000GuCBMA0","005Dm000000nnayIAA","","(TCF) Cash Flow Available to Service Debt","2023-02-24T16:04:45.000Z","005Dm000000nnayIAA","2023-02-24T16:04:45.000Z","005Dm000000nnayIAA","","","","Accounting Grid (Cash Flows)","TCF_Cash_Flow_Available_to_Service_Debt_ACCTGRD"
"a3YDm000000GuCCMA0","005Dm000000nnayIAA","","(TCF) Historical Debt Service","2023-02-24T16:04:45.000Z","005Dm000000nnayIAA","2023-02-24T16:04:45.000Z","005Dm000000nnayIAA","","","","Accounting Grid (Cash Flows)","TCF_Historical_Debt_Service_ACCTGRD"
"a3YDm000000GuCDMA0","005Dm000000nnayIAA","","(TCF) Pro Forma Debt Service","2023-02-24T16:04:45.000Z","005Dm000000nnayIAA","2023-02-24T16:04:45.000Z","005Dm000000nnayIAA","","","","Accounting Grid (Cash Flows)","TCF_Pro_Forma_Debt_Service_ACCTGRD"
"a3YDm000000GuCEMA0","005Dm000000nnayIAA","","(ICF) Net Cash from Operations","2023-02-24T16:04:45.000Z","005Dm000000nnayIAA","2023-02-24T16:04:45.000Z","005Dm000000nnayIAA","","","","Accounting Grid (Cash Flows)","ICF_Net_Cash_from_Operations_ACCTGRD"
"a3YDm000000GuCFMA0","005Dm000000nnayIAA","","(ICF) Change in Net Fixed Assets","2023-02-24T16:04:45.000Z","005Dm000000nnayIAA","2023-02-24T16:04:45.000Z","005Dm000000nnayIAA","","","","Accounting Grid (Cash Flows)","ICF_Change_in_Net_Fixed_Assets_ACCTGRD"
"a3YDm000000GuCGMA0","005Dm000000nnayIAA","","(ICF) Change in Investments","2023-02-24T16:04:45.000Z","005Dm000000nnayIAA","2023-02-24T16:04:45.000Z","005Dm000000nnayIAA","","","","Accounting Grid (Cash Flows)","ICF_Change_in_Investments_ACCTGRD"
"a3YDm000000GuCHMA0","005Dm000000nnayIAA","","(ICF) Change in Net Intangibles","2023-02-24T16:04:45.000Z","005Dm000000nnayIAA","2023-02-24T16:04:45.000Z","005Dm000000nnayIAA","","","","Accounting Grid (Cash Flows)","ICF_Change_in_Net_Intangibles_ACCTGRD"
"a3YDm000000GuCIMA0","005Dm000000nnayIAA","","(ICF) Net Cash Used in Investing","2023-02-24T16:04:45.000Z","005Dm000000nnayIAA","2023-02-24T16:04:45.000Z","005Dm000000nnayIAA","","","","Accounting Grid (Cash Flows)","ICF_Net_Cash_Used_in_Investing_ACCTGRD"
"a3YDm000000GuCJMA0","005Dm000000nnayIAA","","(ICF) Net Change in Borrowing","2023-02-24T16:04:45.000Z","005Dm000000nnayIAA","2023-02-24T16:04:45.000Z","005Dm000000nnayIAA","","","","Accounting Grid (Cash Flows)","ICF_Net_Change_in_Borrowing_ACCTGRD"
"a3YDm000000GuCKMA0","005Dm000000nnayIAA","","(ICF) Net Change in Other Funding","2023-02-24T16:04:45.000Z","005Dm000000nnayIAA","2023-02-24T16:04:45.000Z","005Dm000000nnayIAA","","","","Accounting Grid (Cash Flows)","ICF_Net_Change_in_Other_Funding_ACCTGRD"
"a3YDm000000GuCLMA0","005Dm000000nnayIAA","","(ICF) Net Cash Provided by Financing","2023-02-24T16:04:45.000Z","005Dm000000nnayIAA","2023-02-24T16:04:45.000Z","005Dm000000nnayIAA","","","","Accounting Grid (Cash Flows)","ICF_Net_Cash_Provided_by_Financing_ACCTGRD"
"a3YDm000000GuCMMA0","005Dm000000nnayIAA","","(ICF) Change in Cash & Equivalents","2023-02-24T16:04:45.000Z","005Dm000000nnayIAA","2023-02-24T16:04:45.000Z","005Dm000000nnayIAA","","","","Accounting Grid (Cash Flows)","ICF_Change_in_Cash_Equivalents_ACCTGRD"
"a3YDm000000GuCNMA0","005Dm000000nnayIAA","","Total Net Sales/Revenue","2023-02-24T16:04:45.000Z","005Dm000000nnayIAA","2023-02-24T16:04:45.000Z","005Dm000000nnayIAA","","","","Accounting Grid (Income Statement)","Total_Net_SalesRevenue_ACCTGRD"
"a3YDm000000GuCOMA0","005Dm000000nnayIAA","","Total Cost of Sales/Revenue","2023-02-24T16:04:45.000Z","005Dm000000nnayIAA","2023-02-24T16:04:45.000Z","005Dm000000nnayIAA","","","","Accounting Grid (Income Statement)","Total_Cost_of_SalesRevenue_ACCTGRD"
"a3YDm000000GuCPMA0","005Dm000000nnayIAA","","Gross Profit","2023-02-24T16:04:45.000Z","005Dm000000nnayIAA","2023-02-24T16:04:45.000Z","005Dm000000nnayIAA","","","","Accounting Grid (Income Statement)","Gross_Profit_ACCTGRD"
"a3YDm000000GuCQMA0","005Dm000000nnayIAA","","Total Operating Expenses","2023-02-24T16:04:45.000Z","005Dm000000nnayIAA","2023-02-24T16:04:45.000Z","005Dm000000nnayIAA","","","","Accounting Grid (Income Statement)","Total_Operating_Expenses_ACCTGRD"
"a3YDm000000GuCRMA0","005Dm000000nnayIAA","","Net Operating Profit","2023-02-24T16:04:45.000Z","005Dm000000nnayIAA","2023-02-24T16:04:45.000Z","005Dm000000nnayIAA","","","","Accounting Grid (Income Statement)","Net_Operating_Profit_ACCTGRD"
"a3YDm000000GuCSMA0","005Dm000000nnayIAA","","Total Other Income","2023-02-24T16:04:45.000Z","005Dm000000nnayIAA","2023-02-24T16:04:45.000Z","005Dm000000nnayIAA","","","","Accounting Grid (Income Statement)","Total_Other_Income_ACCTGRD"
"a3YDm000000GuCTMA0","005Dm000000nnayIAA","","Total Other Expense","2023-02-24T16:04:45.000Z","005Dm000000nnayIAA","2023-02-24T16:04:45.000Z","005Dm000000nnayIAA","","","","Accounting Grid (Income Statement)","Total_Other_Expense_ACCTGRD"
"a3YDm000000GuCUMA0","005Dm000000nnayIAA","","Profit Before Taxes","2023-02-24T16:04:45.000Z","005Dm000000nnayIAA","2023-02-24T16:04:45.000Z","005Dm000000nnayIAA","","","","Accounting Grid (Income Statement)","Profit_Before_Taxes_ACCTGRD"
"a3YDm000000GuCVMA0","005Dm000000nnayIAA","","Total Provision for Taxes","2023-02-24T16:04:45.000Z","005Dm000000nnayIAA","2023-02-24T16:04:45.000Z","005Dm000000nnayIAA","","","","Accounting Grid (Income Statement)","Total_Provision_for_Taxes_ACCTGRD"
"a3YDm000000GuCWMA0","005Dm000000nnayIAA","","Total Minority Interest","2023-02-24T16:04:45.000Z","005Dm000000nnayIAA","2023-02-24T16:04:45.000Z","005Dm000000nnayIAA","","","","Accounting Grid (Income Statement)","Total_Minority_Interest_ACCTGRD"
"a3YDm000000GuCXMA0","005Dm000000nnayIAA","","Total Extraordinary Income","2023-02-24T16:04:45.000Z","005Dm000000nnayIAA","2023-02-24T16:04:45.000Z","005Dm000000nnayIAA","","","","Accounting Grid (Income Statement)","Total_Extraordinary_Income_ACCTGRD"
"a3YDm000000GuCYMA0","005Dm000000nnayIAA","","Profit Before Extraordinary Items","2023-02-24T16:04:45.000Z","005Dm000000nnayIAA","2023-02-24T16:04:45.000Z","005Dm000000nnayIAA","","","","Accounting Grid (Income Statement)","Profit_Before_Extraordinary_Items_ACCTGRD"
"a3YDm000000GuCZMA0","005Dm000000nnayIAA","","Net Profit","2023-02-24T16:04:45.000Z","005Dm000000nnayIAA","2023-02-24T16:04:45.000Z","005Dm000000nnayIAA","","","","Accounting Grid (Income Statement)","Net_Profit_ACCTGRD"
"a3YDm000000GuCaMAK","005Dm000000nnayIAA","","Total Cash and Equivalents","2023-02-24T16:04:45.000Z","005Dm000000nnayIAA","2023-02-24T16:04:45.000Z","005Dm000000nnayIAA","","","","Accounting Grid (Balance Sheet)","Total_Cash_and_Equiv_ACCTGRD"
"a3YDm000000GuCbMAK","005Dm000000nnayIAA","","Net Trade Receivables","2023-02-24T16:04:45.000Z","005Dm000000nnayIAA","2023-02-24T16:04:45.000Z","005Dm000000nnayIAA","","","","Accounting Grid (Balance Sheet)","Net_Trade_Receivables_ACCTGRD"
"a3YDm000000GuCcMAK","005Dm000000nnayIAA","","Total Inventory","2023-02-24T16:04:45.000Z","005Dm000000nnayIAA","2023-02-24T16:04:45.000Z","005Dm000000nnayIAA","","","","Accounting Grid (Balance Sheet)","Total_Inventory_ACCTGRD"
"a3YDm000000GuCdMAK","005Dm000000nnayIAA","","Total Other Current Assets","2023-02-24T16:04:45.000Z","005Dm000000nnayIAA","2023-02-24T16:04:45.000Z","005Dm000000nnayIAA","","","","Accounting Grid (Balance Sheet)","Total_Other_Current_Assets_ACCTGRD"
"a3YDm000000GuCeMAK","005Dm000000nnayIAA","","Total Current Assets","2023-02-24T16:04:45.000Z","005Dm000000nnayIAA","2023-02-24T16:04:45.000Z","005Dm000000nnayIAA","","","","Accounting Grid (Balance Sheet)","Total_Current_Assets_ACCTGRD"
"a3YDm000000GuCfMAK","005Dm000000nnayIAA","","Gross Fixed Assets","2023-02-24T16:04:45.000Z","005Dm000000nnayIAA","2023-02-24T16:04:45.000Z","005Dm000000nnayIAA","","","","Accounting Grid (Balance Sheet)","Gross_Fixed_Assets_ACCTGRD"
"a3YDm000000GuCgMAK","005Dm000000nnayIAA","","Net Fixed Assets","2023-02-24T16:04:45.000Z","005Dm000000nnayIAA","2023-02-24T16:04:45.000Z","005Dm000000nnayIAA","","","","Accounting Grid (Balance Sheet)","Net_Fixed_Assets_ACCTGRD"
"a3YDm000000GuChMAK","005Dm000000nnayIAA","","Total Other Non Current Assets","2023-02-24T16:04:45.000Z","005Dm000000nnayIAA","2023-02-24T16:04:45.000Z","005Dm000000nnayIAA","","","","Accounting Grid (Balance Sheet)","Total_Other_NC_Assets_ACCTGRD"
"a3YDm000000GuCiMAK","005Dm000000nnayIAA","","Total Gross Intangibles","2023-02-24T16:04:45.000Z","005Dm000000nnayIAA","2023-02-24T16:04:45.000Z","005Dm000000nnayIAA","","","","Accounting Grid (Balance Sheet)","Total_Gross_Intangibles_ACCTGRD"
"a3YDm000000GuCjMAK","005Dm000000nnayIAA","","Net Intangible Assets","2023-02-24T16:04:45.000Z","005Dm000000nnayIAA","2023-02-24T16:04:45.000Z","005Dm000000nnayIAA","","","","Accounting Grid (Balance Sheet)","Net_Intangible_Assets_ACCTGRD"
"a3YDm000000GuCkMAK","005Dm000000nnayIAA","","Total Non-Current Assets","2023-02-24T16:04:45.000Z","005Dm000000nnayIAA","2023-02-24T16:04:45.000Z","005Dm000000nnayIAA","","","","Accounting Grid (Balance Sheet)","Total_NonCurrent_Assets_ACCTGRD"
"a3YDm000000GuClMAK","005Dm000000nnayIAA","","Total Assets","2023-02-24T16:04:45.000Z","005Dm000000nnayIAA","2023-02-24T16:04:45.000Z","005Dm000000nnayIAA","","","","Accounting Grid (Balance Sheet)","Total_Assets_ACCTGRD"
"a3YDm000000GuCmMAK","005Dm000000nnayIAA","","Total Short Term Notes","2023-02-24T16:04:45.000Z","005Dm000000nnayIAA","2023-02-24T16:04:45.000Z","005Dm000000nnayIAA","","","","Accounting Grid (Balance Sheet)","Total_ST_Notes_ACCTGRD"
"a3YDm000000GuCnMAK","005Dm000000nnayIAA","","Total Accounts Payable","2023-02-24T16:04:45.000Z","005Dm000000nnayIAA","2023-02-24T16:04:45.000Z","005Dm000000nnayIAA","","","","Accounting Grid (Balance Sheet)","Total_Accounts_Payable_ACCTGRD"
"a3YDm000000GuCoMAK","005Dm000000nnayIAA","","Total Other Current Liabilities","2023-02-24T16:04:45.000Z","005Dm000000nnayIAA","2023-02-24T16:04:45.000Z","005Dm000000nnayIAA","","","","Accounting Grid (Balance Sheet)","Total_Other_Current_Liabs_ACCTGRD"
"a3YDm000000GuCpMAK","005Dm000000nnayIAA","","Total Current Liabilities","2023-02-24T16:04:45.000Z","005Dm000000nnayIAA","2023-02-24T16:04:45.000Z","005Dm000000nnayIAA","","","","Accounting Grid (Balance Sheet)","Total_Current_Liabilities_ACCTGRD"
"a3YDm000000GuCqMAK","005Dm000000nnayIAA","","Total Non-Current Liabilities","2023-02-24T16:04:45.000Z","005Dm000000nnayIAA","2023-02-24T16:04:45.000Z","005Dm000000nnayIAA","","","","Accounting Grid (Balance Sheet)","Total_NonCurrent_Liabilities_ACCTGRD"
"a3YDm000000GuCrMAK","005Dm000000nnayIAA","","Total Liabilities","2023-02-24T16:04:45.000Z","005Dm000000nnayIAA","2023-02-24T16:04:45.000Z","005Dm000000nnayIAA","","","","Accounting Grid (Balance Sheet)","Total_Liabilities_ACCTGRD"
"a3YDm000000GuCsMAK","005Dm000000nnayIAA","","Total Equity","2023-02-24T16:04:45.000Z","005Dm000000nnayIAA","2023-02-24T16:04:45.000Z","005Dm000000nnayIAA","","","","Accounting Grid (Balance Sheet)","Total_Equity_ACCTGRD"
"a3YDm000000GuCtMAK","005Dm000000nnayIAA","","Net Worth","2023-02-24T16:04:45.000Z","005Dm000000nnayIAA","2023-02-24T16:04:45.000Z","005Dm000000nnayIAA","","","","Accounting Grid (Balance Sheet)","Net_Worth_ACCTGRD"
"a3YDm000000GuCuMAK","005Dm000000nnayIAA","","Partial Year Adjustment","2023-02-24T16:04:45.000Z","005Dm000000nnayIAA","2023-02-24T16:04:45.000Z","005Dm000000nnayIAA","","","","Accounting Grid (Other)","Partial_Year_Adjustment_ACCTGRD"
"a3YDm000000GuCvMAK","005Dm000000nnayIAA","","Total Other Income and Expenses","2023-02-24T16:04:45.000Z","005Dm000000nnayIAA","2023-02-24T16:04:45.000Z","005Dm000000nnayIAA","","","","Accounting Grid (Income Statement)","Total_Other_Income_and_Expenses_ACCTGRD"
"a3YDm000000GuCwMAK","005Dm000000nnayIAA","","(DCF) Cash Collected from Sales","2023-02-24T16:04:45.000Z","005Dm000000nnayIAA","2023-02-24T16:04:45.000Z","005Dm000000nnayIAA","","","","Accounting Grid (Cash Flows)","DCF_Cash_Collected_from_Sales_ACCTGRD"
"a3YDm000000GuCxMAK","005Dm000000nnayIAA","","(DCF) Cash Paid to Suppliers","2023-02-24T16:04:45.000Z","005Dm000000nnayIAA","2023-02-24T16:04:45.000Z","005Dm000000nnayIAA","","","","Accounting Grid (Cash Flows)","DCF_Cash_Paid_to_Suppliers_ACCTGRD"
"a3YDm000000GuCyMAK","005Dm000000nnayIAA","","(DCF) Cash from Trading Activities","2023-02-24T16:04:45.000Z","005Dm000000nnayIAA","2023-02-24T16:04:45.000Z","005Dm000000nnayIAA","","","","Accounting Grid (Cash Flows)","DCF_Cash_from_Trading_Activities_ACCTGRD"
"a3YDm000000GuCzMAK","005Dm000000nnayIAA","","(DCF) Cash Paid for Operating Costs","2023-02-24T16:04:45.000Z","005Dm000000nnayIAA","2023-02-24T16:04:45.000Z","005Dm000000nnayIAA","","","","Accounting Grid (Cash Flows)","DCF_Cash_Paid_for_Operating_Costs_ACCTGRD"
"a3YDm000000GuD0MAK","005Dm000000nnayIAA","","(DCF) Cash After Operations","2023-02-24T16:04:45.000Z","005Dm000000nnayIAA","2023-02-24T16:04:45.000Z","005Dm000000nnayIAA","","","","Accounting Grid (Cash Flows)","DCF_Cash_After_Operations_ACCTGRD"
"a3YDm000000GuD1MAK","005Dm000000nnayIAA","","(DCF) Total Other Income (Expense)","2023-02-24T16:04:45.000Z","005Dm000000nnayIAA","2023-02-24T16:04:45.000Z","005Dm000000nnayIAA","","","","Accounting Grid (Cash Flows)","DCF_Total_Other_Income_Expense_ACCTGRD"
"a3YDm000000GuD2MAK","005Dm000000nnayIAA","","(DCF) Taxes Paid","2023-02-24T16:04:45.000Z","005Dm000000nnayIAA","2023-02-24T16:04:45.000Z","005Dm000000nnayIAA","","","","Accounting Grid (Cash Flows)","DCF_Taxes_Paid_ACCTGRD"
"a3YDm000000GuD3MAK","005Dm000000nnayIAA","","(DCF) Cash Effect. Debt Amortization","2023-02-24T16:04:45.000Z","005Dm000000nnayIAA","2023-02-24T16:04:45.000Z","005Dm000000nnayIAA","","","","Accounting Grid (Cash Flows)","DCF_Cash_Effect_Debt_Amortization_ACCTGRD"
"a3YDm000000GuD4MAK","005Dm000000nnayIAA","","(DCF) Net Cash After Operations","2023-02-24T16:04:45.000Z","005Dm000000nnayIAA","2023-02-24T16:04:45.000Z","005Dm000000nnayIAA","","","","Accounting Grid (Cash Flows)","DCF_Net_Cash_After_Operations_ACCTGRD"
"a3YDm000000GuD5MAK","005Dm000000nnayIAA","","(DCF) Cash Paid for Dividends and Interest","2023-02-24T16:04:45.000Z","005Dm000000nnayIAA","2023-02-24T16:04:45.000Z","005Dm000000nnayIAA","","","","Accounting Grid (Cash Flows)","DCF_Cash_Paid_for_Dividends_and_Interest_ACCTGRD"
"a3YDm000000GuD6MAK","005Dm000000nnayIAA","","(DCF) Net Cash Income","2023-02-24T16:04:45.000Z","005Dm000000nnayIAA","2023-02-24T16:04:45.000Z","005Dm000000nnayIAA","","","","Accounting Grid (Cash Flows)","DCF_Net_Cash_Income_ACCTGRD"
"a3YDm000000GuD7MAK","005Dm000000nnayIAA","","(DCF) Cash After Debt Amort","2023-02-24T16:04:45.000Z","005Dm000000nnayIAA","2023-02-24T16:04:45.000Z","005Dm000000nnayIAA","","","","Accounting Grid (Cash Flows)","DCF_Cash_After_Debt_Amort_ACCTGRD"
"a3YDm000000GuD8MAK","005Dm000000nnayIAA","","(DCF) Chg in Investments","2023-02-24T16:04:45.000Z","005Dm000000nnayIAA","2023-02-24T16:04:45.000Z","005Dm000000nnayIAA","","","","Accounting Grid (Cash Flows)","DCF_Chg_in_Investments_ACCTGRD"
"a3YDm000000GuD9MAK","005Dm000000nnayIAA","","(DCF) Chg in Net Intangibles","2023-02-24T16:04:45.000Z","005Dm000000nnayIAA","2023-02-24T16:04:45.000Z","005Dm000000nnayIAA","","","","Accounting Grid (Cash Flows)","DCF_Chg_in_Net_Intangibles_ACCTGRD"
"a3YDm000000GuDAMA0","005Dm000000nnayIAA","","(DCF) Cash Paid for Plant and Investments","2023-02-24T16:04:45.000Z","005Dm000000nnayIAA","2023-02-24T16:04:45.000Z","005Dm000000nnayIAA","","","","Accounting Grid (Cash Flows)","DCF_Cash_Paid_for_Plant_and_Investments_ACCTGRD"
"a3YDm000000GuDBMA0","005Dm000000nnayIAA","","(DCF) Extraordinary and Non-Cash Items","2023-02-24T16:04:45.000Z","005Dm000000nnayIAA","2023-02-24T16:04:45.000Z","005Dm000000nnayIAA","","","","Accounting Grid (Cash Flows)","DCF_Extraordinary_and_NonCash_Items_ACCTGRD"
"a3YDm000000GuDCMA0","005Dm000000nnayIAA","","(DCF) Financing Surplus (reqmnts)","2023-02-24T16:04:45.000Z","005Dm000000nnayIAA","2023-02-24T16:04:45.000Z","005Dm000000nnayIAA","","","","Accounting Grid (Cash Flows)","DCF_Financing_Surplus_reqmnts_ACCTGRD"
"a3YDm000000GuDDMA0","005Dm000000nnayIAA","","(DCF) Net Change in Borrowing","2023-02-24T16:04:45.000Z","005Dm000000nnayIAA","2023-02-24T16:04:45.000Z","005Dm000000nnayIAA","","","","Accounting Grid (Cash Flows)","DCF_Net_Change_in_Borrowing_ACCTGRD"
"a3YDm000000GuDEMA0","005Dm000000nnayIAA","","(DCF) Net Change in Other Funding","2023-02-24T16:04:45.000Z","005Dm000000nnayIAA","2023-02-24T16:04:45.000Z","005Dm000000nnayIAA","","","","Accounting Grid (Cash Flows)","DCF_Net_Change_in_Other_Funding_ACCTGRD"
"a3YDm000000GuDFMA0","005Dm000000nnayIAA","","(DCF) Net Cash from Funding","2023-02-24T16:04:45.000Z","005Dm000000nnayIAA","2023-02-24T16:04:45.000Z","005Dm000000nnayIAA","","","","Accounting Grid (Cash Flows)","DCF_Net_Cash_from_Funding_ACCTGRD"
"a3YDm000000GuDGMA0","005Dm000000nnayIAA","","(DCF) Cash After Financing","2023-02-24T16:04:45.000Z","005Dm000000nnayIAA","2023-02-24T16:04:45.000Z","005Dm000000nnayIAA","","","","Accounting Grid (Cash Flows)","DCF_Cash_After_Financing_ACCTGRD"
"a3YDm000000GuDHMA0","005Dm000000nnayIAA","","Beginning Net Worth","2023-02-24T16:04:45.000Z","005Dm000000nnayIAA","2023-02-24T16:04:45.000Z","005Dm000000nnayIAA","","","","Accounting Grid (Other)","Beginning_Net_Worth_ACCTGRD"
"a3YDm000000GuDIMA0","005Dm000000nnayIAA","","Total Changes in Retained Earnings","2023-02-24T16:04:45.000Z","005Dm000000nnayIAA","2023-02-24T16:04:45.000Z","005Dm000000nnayIAA","","","","Accounting Grid (Other)","Total_Changes_in_Retained_Earnings_ACCTGRD"
"a3YDm000000GuDJMA0","005Dm000000nnayIAA","","PFS - Total Assets","2023-02-24T16:04:45.000Z","005Dm000000nnayIAA","2023-02-24T16:04:45.000Z","005Dm000000nnayIAA","","","","Accounting Grid (Individual)","PFS_Total_Assets_ACCTGRD"
"a3YDm000000GuDKMA0","005Dm000000nnayIAA","","(DCF) Chg in Net Fixed Assets","2023-02-24T16:04:45.000Z","005Dm000000nnayIAA","2023-02-24T16:04:45.000Z","005Dm000000nnayIAA","","","","Accounting Grid (Cash Flows)","DCF_Chg_in_Net_Fixed_Assets_ACCTGRD"
"a3YDm000000GuDLMA0","005Dm000000nnayIAA","","PFS - Adjusted Net Worth","2023-02-24T16:04:45.000Z","005Dm000000nnayIAA","2023-02-24T16:04:45.000Z","005Dm000000nnayIAA","","","","Accounting Grid (Individual)","PFS_Adjusted_Net_Worth_ACCTGRD"
"a3YDm000000GuDMMA0","005Dm000000nnayIAA","","PFS - Stated Net Worth","2023-02-24T16:04:45.000Z","005Dm000000nnayIAA","2023-02-24T16:04:45.000Z","005Dm000000nnayIAA","","","","Accounting Grid (Individual)","PFS_Stated_Net_Worth_ACCTGRD"
"a3YDm000000GuDNMA0","005Dm000000nnayIAA","","Sch. E - Total Cash Flow","2023-02-24T16:04:45.000Z","005Dm000000nnayIAA","2023-02-24T16:04:45.000Z","005Dm000000nnayIAA","","","","Accounting Grid (Individual)","Sch_E_Total_Cash_Flow_ACCTGRD"
"a3YDm000000GuDOMA0","005Dm000000nnayIAA","","Total Debt Service","2023-02-24T16:04:45.000Z","005Dm000000nnayIAA","2023-02-24T16:04:45.000Z","005Dm000000nnayIAA","","","","Accounting Grid (Individual)","Total_Debt_Service_ACCTGRD"
"a3YDm000000GuDPMA0","005Dm000000nnayIAA","","Sch. F - Total Cash Flow","2023-02-24T16:04:45.000Z","005Dm000000nnayIAA","2023-02-24T16:04:45.000Z","005Dm000000nnayIAA","","","","Accounting Grid (Individual)","Sch_F_Total_Cash_Flow_ACCTGRD"
"a3YDm000000GuDQMA0","005Dm000000nnayIAA","","TCF - Gross Cash Flow","2023-02-24T16:04:45.000Z","005Dm000000nnayIAA","2023-02-24T16:04:45.000Z","005Dm000000nnayIAA","","","","Accounting Grid (Individual)","TCF_Gross_Cash_Flow_ACCTGRD"
"a3YDm000000GuDRMA0","005Dm000000nnayIAA","","Sch. C - Net Profit (Loss)","2023-02-24T16:04:45.000Z","005Dm000000nnayIAA","2023-02-24T16:04:45.000Z","005Dm000000nnayIAA","","","","Accounting Grid (Individual)","Sch_C_Net_Profit_Loss_ACCTGRD"
"a3YDm000000GuDSMA0","005Dm000000nnayIAA","","TCF - Net Cash Flow","2023-02-24T16:04:45.000Z","005Dm000000nnayIAA","2023-02-24T16:04:45.000Z","005Dm000000nnayIAA","","","","Accounting Grid (Individual)","TCF_Net_Cash_Flow_ACCTGRD"
"a3YDm000000GuDTMA0","005Dm000000nnayIAA","","Sch. C - Total Cash Flow","2023-02-24T16:04:45.000Z","005Dm000000nnayIAA","2023-02-24T16:04:45.000Z","005Dm000000nnayIAA","","","","Accounting Grid (Individual)","Sch_C_Total_Cash_Flow_ACCTGRD"
"a3YDm000000GuDUMA0","005Dm000000nnayIAA","","Sch. C - Gross Income","2023-02-24T16:04:45.000Z","005Dm000000nnayIAA","2023-02-24T16:04:45.000Z","005Dm000000nnayIAA","","","","Accounting Grid (Individual)","Sch_C_Gross_Income_ACCTGRD"
"a3YDm000000GuDVMA0","005Dm000000nnayIAA","","Sch. C - Total Expenses","2023-02-24T16:04:45.000Z","005Dm000000nnayIAA","2023-02-24T16:04:45.000Z","005Dm000000nnayIAA","","","","Accounting Grid (Individual)","Sch_C_Total_Expenses_ACCTGRD"
"a3YDm000000GuDWMA0","005Dm000000nnayIAA","","Sch. C - Net Sales","2023-02-24T16:04:45.000Z","005Dm000000nnayIAA","2023-02-24T16:04:45.000Z","005Dm000000nnayIAA","","","","Accounting Grid (Individual)","Sch_C_Net_Sales_ACCTGRD"
"a3YDm000000GuDXMA0","005Dm000000nnayIAA","","Sch. C - Gross Profit","2023-02-24T16:04:45.000Z","005Dm000000nnayIAA","2023-02-24T16:04:45.000Z","005Dm000000nnayIAA","","","","Accounting Grid (Individual)","Sch_C_Gross_Profit_ACCTGRD"
"a3YDm000000GuDYMA0","005Dm000000nnayIAA","","Sch. E - Total Income","2023-02-24T16:04:45.000Z","005Dm000000nnayIAA","2023-02-24T16:04:45.000Z","005Dm000000nnayIAA","","","","Accounting Grid (Individual)","Sch_E_Total_Income_ACCTGRD"
"a3YDm000000GuDZMA0","005Dm000000nnayIAA","","Sch. E - Total Expenses","2023-02-24T16:04:45.000Z","005Dm000000nnayIAA","2023-02-24T16:04:45.000Z","005Dm000000nnayIAA","","","","Accounting Grid (Individual)","Sch_E_Total_Expenses_ACCTGRD"
"a3YDm000000GuDaMAK","005Dm000000nnayIAA","","Sch. E - Net Income","2023-02-24T16:04:45.000Z","005Dm000000nnayIAA","2023-02-24T16:04:45.000Z","005Dm000000nnayIAA","","","","Accounting Grid (Individual)","Sch_E_Net_Income_ACCTGRD"
"a3YDm000000GuDbMAK","005Dm000000nnayIAA","","Sch. F - Recurring Farm Income","2023-02-24T16:04:45.000Z","005Dm000000nnayIAA","2023-02-24T16:04:45.000Z","005Dm000000nnayIAA","","","","Accounting Grid (Individual)","Sch_F_Recurring_Farm_Income_ACCTGRD"
"a3YDm000000GuDcMAK","005Dm000000nnayIAA","","Sch. F - Net Farm Income","2023-02-24T16:04:45.000Z","005Dm000000nnayIAA","2023-02-24T16:04:45.000Z","005Dm000000nnayIAA","","","","Accounting Grid (Individual)","Sch_F_Net_Farm_Income_ACCTGRD"
"a3YDm000000GuDdMAK","005Dm000000nnayIAA","","Sch. F - Total Expenses","2023-02-24T16:04:45.000Z","005Dm000000nnayIAA","2023-02-24T16:04:45.000Z","005Dm000000nnayIAA","","","","Accounting Grid (Individual)","Sch_F_Total_Expenses_ACCTGRD"
"a3YDm000000GuDeMAK","005Dm000000nnayIAA","","Loan to Value","2023-02-24T16:04:45.000Z","005Dm000000nnayIAA","2023-02-24T16:04:45.000Z","005Dm000000nnayIAA","","","","NOI Statement","ltv"
"a3YDm000000GuDfMAK","005Dm000000nnayIAA","","Max Loan Policy LTV","2023-02-24T16:04:45.000Z","005Dm000000nnayIAA","2023-02-24T16:04:45.000Z","005Dm000000nnayIAA","","","","NOI Statement","max_loan_policy_ltv"
"a3YDm000000GuDgMAK","005Dm000000nnayIAA","","Potential Gross Income","2023-02-24T16:04:45.000Z","005Dm000000nnayIAA","2023-02-24T16:04:45.000Z","005Dm000000nnayIAA","","","","NOI Statement","potential_gross_income"
"a3YDm000000GuDhMAK","005Dm000000nnayIAA","","Effective Gross Income","2023-02-24T16:04:45.000Z","005Dm000000nnayIAA","2023-02-24T16:04:45.000Z","005Dm000000nnayIAA","","","","NOI Statement","effective_gross_income"
"a3YDm000000GuDiMAK","005Dm000000nnayIAA","","Total Operating Expenses","2023-02-24T16:04:45.000Z","005Dm000000nnayIAA","2023-02-24T16:04:45.000Z","005Dm000000nnayIAA","","","","NOI Statement","total_operating_expenses"
"a3YDm000000GuDjMAK","005Dm000000nnayIAA","","Cash Flow After Debt Service","2023-02-24T16:04:45.000Z","005Dm000000nnayIAA","2023-02-24T16:04:45.000Z","005Dm000000nnayIAA","","","","NOI Statement","cash_flow_after_debt_service"
"a3YDm000000GuDkMAK","005Dm000000nnayIAA","","Net Operating Income","2023-02-24T16:04:45.000Z","005Dm000000nnayIAA","2023-02-24T16:04:45.000Z","005Dm000000nnayIAA","","","","NOI Statement","noi"
"a3YDm000000GuDlMAK","005Dm000000nnayIAA","","Debt Service Coverage Ratio","2023-02-24T16:04:45.000Z","005Dm000000nnayIAA","2023-02-24T16:04:45.000Z","005Dm000000nnayIAA","","","","NOI Statement","dscr"
"a3YDm000000GuDmMAK","005Dm000000nnayIAA","","Estimated Value","2023-02-24T16:04:45.000Z","005Dm000000nnayIAA","2023-02-24T16:04:45.000Z","005Dm000000nnayIAA","","","","NOI Statement","estimated_value"
"a3YDm000000GuDnMAK","005Dm000000nnayIAA","","Max Annual Payment Given Policy DSCR","2023-02-24T16:04:45.000Z","005Dm000000nnayIAA","2023-02-24T16:04:45.000Z","005Dm000000nnayIAA","","","","NOI Statement","max_annual_payment_given_policy_dscr"
"a3YDm000000GuDoMAK","005Dm000000nnayIAA","","Max Loan Policy DSCR","2023-02-24T16:04:45.000Z","005Dm000000nnayIAA","2023-02-24T16:04:45.000Z","005Dm000000nnayIAA","","","","NOI Statement","max_loan_policy_dscr"
"a3YDm000000GuDpMAK","005Dm000000nnayIAA","","REVPAR","2023-02-24T16:04:45.000Z","005Dm000000nnayIAA","2023-02-24T16:04:45.000Z","005Dm000000nnayIAA","","","","NOI Statement","revpar"
"a3YDm000000GuDqMAK","005Dm000000nnayIAA","","Occupancy Percentage","2023-02-24T16:04:45.000Z","005Dm000000nnayIAA","2023-02-24T16:04:45.000Z","005Dm000000nnayIAA","","","","NOI Statement","occupancy_percentage"
"a3YDm000000GuDrMAK","005Dm000000nnayIAA","","Gross Hotel Revenue","2023-02-24T16:04:45.000Z","005Dm000000nnayIAA","2023-02-24T16:04:45.000Z","005Dm000000nnayIAA","","","","NOI Statement","gross_hotel_revenue"
"a3YDm000000GuDsMAK","005Dm000000nnayIAA","","Total Departmental Expenses","2023-02-24T16:04:45.000Z","005Dm000000nnayIAA","2023-02-24T16:04:45.000Z","005Dm000000nnayIAA","","","","NOI Statement","total_departmental_expenses"
